start_time,end_time,instrument,note,start_beat,end_beat,note_value
111582,120798,41,77,0.0,0.5,Eighth
120798,130014,41,81,0.5,0.5,Dotted Quarter
130014,149982,41,84,1.0,1.0,Quarter
149982,159710,41,84,2.0,0.5,Eighth
168926,174046,41,84,3.0,0.5,Eighth
179166,183774,41,86,4.0,0.25,Sixteenth
179166,188894,41,65,4.0,0.5,Eighth
183774,232926,41,84,4.25,2.75,Dotted Half
188894,198110,41,69,4.5,0.5,Eighth
198110,207838,41,65,5.0,0.5,Eighth
207838,216542,41,69,5.5,0.5,Eighth
216542,224734,41,65,6.0,0.5,Eighth
224734,232926,41,69,6.5,0.5,Eighth
232926,241630,41,67,7.0,0.5,Eighth
232926,237021,41,86,7.0,0.25,Sixteenth
237021,283102,41,84,7.25,2.75,Dotted Half
241630,250334,41,70,7.5,0.5,Eighth
250334,259038,41,67,8.0,0.5,Eighth
259038,267230,41,70,8.5,0.5,Eighth
267230,275422,41,67,9.0,0.5,Eighth
275422,283102,41,70,9.5,0.5,Eighth
283102,292318,41,86,10.0,0.5,Eighth
283102,292318,41,69,10.0,0.5,Eighth
292318,302046,41,84,10.5,0.5,Eighth
292318,302046,41,72,10.5,0.5,Eighth
302046,311262,41,86,11.0,0.5,Eighth
302046,311262,41,69,11.0,0.5,Eighth
311262,318942,41,84,11.5,0.5,Eighth
311262,318942,41,72,11.5,0.5,Eighth
318942,326110,41,86,12.0,0.5,Eighth
318942,326110,41,69,12.0,0.5,Eighth
326110,335326,41,84,12.5,0.5,Eighth
326110,335326,41,72,12.5,0.5,Eighth
335326,345054,41,86,13.0,0.5,Eighth
335326,345054,41,70,13.0,0.5,Eighth
345054,352222,41,84,13.5,0.5,Eighth
345054,352222,41,74,13.5,0.5,Eighth
352222,361950,41,70,14.0,0.5,Eighth
352222,361950,41,82,14.0,0.5,Eighth
361950,369630,41,81,14.5,0.5,Eighth
361950,369630,41,74,14.5,0.5,Eighth
369630,398814,41,79,15.0,2.0,Half
369630,379358,41,70,15.0,0.5,Eighth
379358,385501,41,74,15.5,0.5,Eighth
385501,390622,41,72,16.0,0.5,Eighth
390622,398814,41,76,16.5,0.5,Eighth
398814,408030,41,79,17.0,0.5,Eighth
398814,408030,41,72,17.0,0.5,Eighth
408030,416222,41,76,17.5,0.5,Eighth
416222,424926,41,79,18.0,0.5,Eighth
416222,424926,41,72,18.0,0.5,Eighth
424926,434142,41,76,18.5,0.5,Eighth
434142,442845,41,79,19.0,0.5,Eighth
434142,452062,41,65,19.0,1.0,Quarter
442845,452062,41,81,19.5,0.5,Eighth
452062,469982,41,77,20.0,1.0,Quarter
469982,478686,41,74,21.0,0.5,Eighth
469982,478686,41,62,21.0,0.5,Eighth
478686,487902,41,77,21.5,0.5,Eighth
478686,487902,41,65,21.5,0.5,Eighth
487902,502238,41,69,22.0,1.0,Quarter
487902,497118,43,38,22.0,0.5,Eighth
487902,502238,41,81,22.0,1.0,Quarter
497118,502238,43,41,22.5,0.5,Eighth
502238,511453,41,81,23.0,0.5,Eighth
502238,511453,41,69,23.0,0.5,Eighth
502238,516062,42,65,23.0,0.75,Dotted Eighth
502238,511453,43,38,23.0,0.5,Eighth
511453,521181,43,41,23.5,0.5,Eighth
516062,521181,42,69,23.75,0.25,Sixteenth
521181,530398,43,38,24.0,0.5,Eighth
521181,530398,41,81,24.0,0.5,Eighth
521181,530398,41,69,24.0,0.5,Eighth
521181,539614,42,74,24.0,1.0,Quarter
530398,539614,43,41,24.5,0.5,Eighth
539614,544734,41,82,25.0,0.25,Sixteenth
539614,544734,41,70,25.0,0.25,Sixteenth
539614,548830,43,40,25.0,0.5,Eighth
544734,590302,41,81,25.25,2.75,Dotted Half
544734,590302,41,69,25.25,2.75,Dotted Half
548830,558046,43,49,25.5,0.5,Eighth
558046,568798,42,67,26.0,0.75,Dotted Eighth
558046,567774,43,40,26.0,0.5,Eighth
567774,572894,43,49,26.5,0.5,Eighth
568798,572894,42,73,26.75,0.25,Sixteenth
572894,581598,43,40,27.0,0.5,Eighth
572894,590302,42,76,27.0,1.0,Quarter
581598,590302,43,49,27.5,0.5,Eighth
590302,600030,41,82,28.0,0.5,Eighth
590302,600030,41,70,28.0,0.5,Eighth
590302,600030,43,41,28.0,0.5,Eighth
600030,608222,41,81,28.5,0.5,Eighth
600030,608222,41,69,28.5,0.5,Eighth
600030,608222,43,50,28.5,0.5,Eighth
608222,616926,41,70,29.0,0.5,Eighth
608222,616926,43,41,29.0,0.5,Eighth
608222,616926,41,82,29.0,0.5,Eighth
608222,621534,42,65,29.0,0.75,Dotted Eighth
616926,625630,43,50,29.5,0.5,Eighth
616926,625630,41,81,29.5,0.5,Eighth
616926,625630,41,69,29.5,0.5,Eighth
621534,625630,42,69,29.75,0.25,Sixteenth
625630,634334,41,70,30.0,0.5,Eighth
625630,643550,42,74,30.0,1.0,Quarter
625630,634334,43,41,30.0,0.5,Eighth
625630,634334,41,82,30.0,0.5,Eighth
634334,643550,43,50,30.5,0.5,Eighth
634334,643550,41,81,30.5,0.5,Eighth
634334,643550,41,69,30.5,0.5,Eighth
643550,652766,41,80,31.0,0.5,Eighth
643550,652766,41,68,31.0,0.5,Eighth
643550,652766,43,38,31.0,0.5,Eighth
652766,659422,43,47,31.5,0.5,Eighth
652766,659422,41,67,31.5,0.5,Eighth
652766,659422,41,79,31.5,0.5,Eighth
659422,671198,42,65,32.0,0.75,Dotted Eighth
659422,668126,43,38,32.0,0.5,Eighth
659422,668126,41,80,32.0,0.5,Eighth
659422,668126,41,68,32.0,0.5,Eighth
668126,675294,41,79,32.5,0.5,Eighth
668126,675294,41,67,32.5,0.5,Eighth
668126,675294,43,47,32.5,0.5,Eighth
671198,675294,42,71,32.75,0.25,Sixteenth
675294,691166,42,74,33.0,1.0,Quarter
675294,682974,41,80,33.0,0.5,Eighth
675294,682974,41,68,33.0,0.5,Eighth
675294,682974,43,38,33.0,0.5,Eighth
682974,691166,43,47,33.5,0.5,Eighth
682974,691166,41,67,33.5,0.5,Eighth
682974,691166,41,79,33.5,0.5,Eighth
691166,704990,42,64,34.0,0.75,Dotted Eighth
691166,700382,43,40,34.0,0.5,Eighth
691166,700382,41,81,34.0,0.5,Eighth
691166,700382,41,69,34.0,0.5,Eighth
700382,709598,41,79,34.5,0.5,Eighth
700382,709598,41,67,34.5,0.5,Eighth
700382,709598,43,48,34.5,0.5,Eighth
704990,709598,42,67,34.75,0.25,Sixteenth
709598,718302,41,69,35.0,0.5,Eighth
709598,727518,42,72,35.0,1.0,Quarter
709598,718302,43,40,35.0,0.5,Eighth
709598,718302,41,81,35.0,0.5,Eighth
718302,727518,41,79,35.5,0.5,Eighth
718302,727518,41,67,35.5,0.5,Eighth
718302,727518,43,48,35.5,0.5,Eighth
727518,736222,41,65,36.0,0.5,Eighth
727518,732638,43,45,36.0,0.25,Sixteenth
727518,736222,41,77,36.0,0.5,Eighth
727518,736222,42,60,36.0,0.5,Eighth
736222,745437,41,76,36.5,0.5,Eighth
736222,740830,43,48,36.5,0.25,Sixteenth
736222,745437,41,64,36.5,0.5,Eighth
745437,755678,41,76,37.0,0.5,Eighth
745437,755678,41,64,37.0,0.5,Eighth
745437,755678,42,69,37.0,0.5,Eighth
745437,755678,43,41,37.0,0.5,Eighth
755678,764894,41,74,37.5,0.5,Eighth
755678,764894,41,62,37.5,0.5,Eighth
764894,767454,41,76,38.0,0.125,Thirty Second
764894,767454,41,64,38.0,0.125,Thirty Second
767454,770014,41,74,38.125,0.125,Thirty Second
767454,770014,41,62,38.125,0.125,Thirty Second
770014,772062,41,76,38.25,0.125,Thirty Second
770014,772062,41,64,38.25,0.125,Thirty Second
772062,774110,41,74,38.375,0.125,Thirty Second
772062,774110,41,62,38.375,0.125,Thirty Second
774110,780766,41,72,38.5,0.5,Eighth
774110,780766,41,60,38.5,0.5,Eighth
780766,790493,41,74,39.0,0.5,Eighth
780766,790493,41,62,39.0,0.5,Eighth
780766,790493,42,59,39.0,0.5,Eighth
780766,790493,43,43,39.0,0.5,Eighth
790493,799198,41,76,39.5,0.5,Triplet
790493,799198,41,64,39.5,0.5,Triplet
799198,808414,41,72,40.0,0.5,Eighth
799198,808414,41,60,40.0,0.5,Eighth
799198,808414,42,60,40.0,0.5,Eighth
799198,808414,43,36,40.0,0.5,Eighth
817118,826334,43,48,41.0,0.5,Eighth
836062,845278,41,77,42.0,0.5,Eighth
845278,855006,41,81,42.5,0.5,Dotted Quarter
855006,873950,41,84,43.0,1.0,Quarter
873950,881118,41,84,44.0,0.5,Eighth
889822,892382,41,84,45.0,0.5,Eighth
899038,908254,41,65,46.0,0.5,Eighth
899038,903646,41,86,46.0,0.25,Sixteenth
903646,951262,41,84,46.25,2.75,Dotted Half
908254,917470,41,69,46.5,0.5,Eighth
917470,925662,41,65,47.0,0.5,Eighth
925662,934366,41,69,47.5,0.5,Eighth
934366,943070,41,65,48.0,0.5,Eighth
943070,951262,41,69,48.5,0.5,Eighth
951262,956382,41,86,49.0,0.25,Sixteenth
951262,960989,41,67,49.0,0.5,Eighth
956382,999902,41,84,49.25,2.75,Dotted Half
960989,969694,41,70,49.5,0.5,Eighth
969694,975838,41,67,50.0,0.5,Eighth
975838,984030,41,70,50.5,0.5,Eighth
984030,991709,41,67,51.0,0.5,Eighth
991709,999902,41,70,51.5,0.5,Eighth
999902,1009630,41,86,52.0,0.5,Eighth
999902,1009630,41,69,52.0,0.5,Eighth
1009630,1018334,41,84,52.5,0.5,Eighth
1009630,1018334,41,72,52.5,0.5,Eighth
1018334,1027038,41,86,53.0,0.5,Eighth
1018334,1027038,41,69,53.0,0.5,Eighth
1027038,1034718,41,84,53.5,0.5,Eighth
1027038,1034718,41,72,53.5,0.5,Eighth
1034718,1043422,41,86,54.0,0.5,Eighth
1034718,1043422,41,69,54.0,0.5,Eighth
1043422,1053150,41,84,54.5,0.5,Eighth
1043422,1053150,41,72,54.5,0.5,Eighth
1053150,1061342,41,86,55.0,0.5,Eighth
1053150,1061342,41,70,55.0,0.5,Eighth
1061342,1070046,41,84,55.5,0.5,Eighth
1061342,1070046,41,74,55.5,0.5,Eighth
1070046,1077214,41,82,56.0,0.5,Eighth
1070046,1077214,41,70,56.0,0.5,Eighth
1077214,1085918,41,81,56.5,0.5,Eighth
1077214,1085918,41,74,56.5,0.5,Eighth
1085918,1095134,41,70,57.0,0.5,Eighth
1085918,1119710,41,79,57.0,2.0,Half
1095134,1101278,41,74,57.5,0.5,Eighth
1101278,1110494,41,72,58.0,0.5,Eighth
1110494,1119710,41,76,58.5,0.5,Eighth
1119710,1128414,41,79,59.0,0.5,Eighth
1119710,1128414,41,72,59.0,0.5,Eighth
1128414,1136606,41,76,59.5,0.5,Eighth
1136606,1145310,41,79,60.0,0.5,Eighth
1136606,1145310,41,72,60.0,0.5,Eighth
1145310,1152990,41,76,60.5,0.5,Eighth
1152990,1160670,41,79,61.0,0.5,Eighth
1152990,1169374,41,65,61.0,1.0,Quarter
1160670,1169374,41,81,61.5,0.5,Eighth
1169374,1186270,41,77,62.0,1.0,Quarter
1186270,1195998,41,74,63.0,0.5,Eighth
1186270,1195998,41,62,63.0,0.5,Eighth
1195998,1205214,41,65,63.5,0.5,Eighth
1195998,1205214,41,77,63.5,0.5,Eighth
1205214,1219550,41,69,64.0,1.0,Quarter
1205214,1210846,43,38,64.0,0.5,Eighth
1205214,1219550,41,81,64.0,1.0,Quarter
1210846,1219550,43,41,64.5,0.5,Eighth
1219550,1228766,41,69,65.0,0.5,Eighth
1219550,1228766,41,81,65.0,0.5,Eighth
1219550,1233886,42,65,65.0,0.75,Dotted Eighth
1219550,1228766,43,38,65.0,0.5,Eighth
1228766,1238494,43,41,65.5,0.5,Eighth
1233886,1238494,42,69,65.75,0.25,Sixteenth
1238494,1247710,43,38,66.0,0.5,Eighth
1238494,1247710,41,81,66.0,0.5,Eighth
1238494,1247710,41,69,66.0,0.5,Eighth
1238494,1257438,42,74,66.0,1.0,Quarter
1247710,1257438,43,41,66.5,0.5,Eighth
1257438,1261534,41,82,67.0,0.25,Sixteenth
1257438,1261534,41,70,67.0,0.25,Sixteenth
1257438,1266142,43,40,67.0,0.5,Eighth
1261534,1310174,41,69,67.25,2.75,Dotted Half
1261534,1310174,41,81,67.25,2.75,Dotted Half
1266142,1275870,43,49,67.5,0.5,Eighth
1275870,1284574,43,40,68.0,0.5,Eighth
1275870,1288670,42,67,68.0,0.75,Dotted Eighth
1284574,1293790,43,49,68.5,0.5,Eighth
1288670,1293790,42,73,68.75,0.25,Sixteenth
1293790,1300446,43,40,69.0,0.5,Eighth
1293790,1310174,42,76,69.0,1.0,Quarter
1300446,1310174,43,49,69.5,0.5,Eighth
1310174,1319390,43,41,70.0,0.5,Eighth
1310174,1319390,41,82,70.0,0.5,Eighth
1310174,1319390,41,70,70.0,0.5,Eighth
1319390,1328094,41,81,70.5,0.5,Eighth
1319390,1328094,41,69,70.5,0.5,Eighth
1319390,1328094,43,50,70.5,0.5,Eighth
1328094,1337310,41,82,71.0,0.5,Eighth
1328094,1337310,41,70,71.0,0.5,Eighth
1328094,1337310,43,41,71.0,0.5,Eighth
1328094,1341918,42,65,71.0,0.75,Dotted Eighth
1337310,1346526,41,69,71.5,0.5,Eighth
1337310,1346526,41,81,71.5,0.5,Eighth
1337310,1346526,43,50,71.5,0.5,Eighth
1341918,1346526,42,69,71.75,0.25,Sixteenth
1346526,1355742,41,70,72.0,0.5,Eighth
1346526,1363422,42,74,72.0,1.0,Quarter
1346526,1355742,43,41,72.0,0.5,Eighth
1346526,1355742,41,82,72.0,0.5,Eighth
1355742,1363422,43,50,72.5,0.5,Eighth
1355742,1363422,41,81,72.5,0.5,Eighth
1355742,1363422,41,69,72.5,0.5,Eighth
1363422,1372638,41,80,73.0,0.5,Eighth
1363422,1372638,41,68,73.0,0.5,Eighth
1363422,1372638,43,38,73.0,0.5,Eighth
1372638,1381854,41,79,73.5,0.5,Eighth
1372638,1381854,41,67,73.5,0.5,Eighth
1372638,1381854,43,47,73.5,0.5,Eighth
1381854,1393630,42,65,74.0,0.75,Dotted Eighth
1381854,1390046,41,80,74.0,0.5,Eighth
1381854,1390046,41,68,74.0,0.5,Eighth
1381854,1390046,43,38,74.0,0.5,Eighth
1390046,1398238,43,47,74.5,0.5,Eighth
1390046,1398238,41,67,74.5,0.5,Eighth
1390046,1398238,41,79,74.5,0.5,Eighth
1393630,1398238,42,71,74.75,0.25,Sixteenth
1398238,1407966,41,80,75.0,0.5,Eighth
1398238,1407966,41,68,75.0,0.5,Eighth
1398238,1407966,43,38,75.0,0.5,Eighth
1398238,1414110,42,74,75.0,1.0,Quarter
1407966,1414110,41,79,75.5,0.5,Eighth
1407966,1414110,41,67,75.5,0.5,Eighth
1407966,1414110,43,47,75.5,0.5,Eighth
1414110,1422814,41,81,76.0,0.5,Eighth
1414110,1422814,41,69,76.0,0.5,Eighth
1414110,1422814,43,40,76.0,0.5,Eighth
1414110,1427422,42,64,76.0,0.75,Dotted Eighth
1422814,1432030,43,48,76.5,0.5,Eighth
1422814,1432030,41,79,76.5,0.5,Eighth
1422814,1432030,41,67,76.5,0.5,Eighth
1427422,1432030,42,67,76.75,0.25,Sixteenth
1432030,1441246,41,69,77.0,0.5,Eighth
1432030,1450974,42,72,77.0,1.0,Quarter
1432030,1441246,41,81,77.0,0.5,Eighth
1432030,1441246,43,40,77.0,0.5,Eighth
1441246,1450974,43,48,77.5,0.5,Eighth
1441246,1450974,41,79,77.5,0.5,Eighth
1441246,1450974,41,67,77.5,0.5,Eighth
1450974,1460190,41,77,78.0,0.5,Eighth
1450974,1455582,43,45,78.0,0.25,Sixteenth
1450974,1460190,41,65,78.0,0.5,Eighth
1450974,1460190,42,60,78.0,0.5,Eighth
1460190,1463774,43,48,78.5,0.25,Sixteenth
1460190,1468381,41,76,78.5,0.5,Eighth
1460190,1468381,41,64,78.5,0.5,Eighth
1468381,1477598,41,76,79.0,0.5,Eighth
1468381,1477598,41,64,79.0,0.5,Eighth
1468381,1477598,42,69,79.0,0.5,Eighth
1468381,1477598,43,41,79.0,0.5,Eighth
1477598,1486814,41,62,79.5,0.5,Eighth
1477598,1486814,41,74,79.5,0.5,Eighth
1486814,1488862,41,64,80.0,0.125,Thirty Second
1486814,1488862,41,76,80.0,0.125,Thirty Second
1488862,1491422,41,74,80.125,0.125,Thirty Second
1488862,1491422,41,62,80.125,0.125,Thirty Second
1491422,1493982,41,76,80.25,0.125,Thirty Second
1491422,1493982,41,64,80.25,0.125,Thirty Second
1493982,1495518,41,74,80.375,0.125,Thirty Second
1493982,1495518,41,62,80.375,0.125,Thirty Second
1495518,1505246,41,72,80.5,0.5,Eighth
1495518,1505246,41,60,80.5,0.5,Eighth
1505246,1514462,41,74,81.0,0.5,Eighth
1505246,1514462,41,62,81.0,0.5,Eighth
1505246,1514462,42,59,81.0,0.5,Eighth
1505246,1514462,43,43,81.0,0.5,Eighth
1514462,1524189,41,76,81.5,0.5,Triplet
1514462,1524189,41,64,81.5,0.5,Triplet
1524189,1532382,42,60,82.0,0.5,Eighth
1524189,1532382,41,72,82.0,0.5,Eighth
1524189,1532382,41,60,82.0,0.5,Eighth
1524189,1532382,43,36,82.0,0.5,Eighth
1541085,1549790,43,48,83.0,0.5,Eighth
1558494,1568222,41,60,84.0,0.5,Eighth
1558494,1568222,42,52,84.0,0.5,Eighth
1568222,1577438,41,64,84.5,0.5,Dotted Quarter
1568222,1577438,42,60,84.5,0.5,Dotted Quarter
1577438,1595358,41,67,85.0,1.0,Quarter
1577438,1595358,42,64,85.0,1.0,Quarter
1595358,1603037,42,64,86.0,0.5,Eighth
1595358,1603037,41,67,86.0,0.5,Eighth
1612254,1621470,42,64,87.0,0.5,Eighth
1612254,1621470,41,67,87.0,0.5,Eighth
1628126,1632734,42,65,88.0,0.25,Sixteenth
1628126,1637342,41,84,88.0,0.5,Eighth
1628126,1632734,41,68,88.0,0.25,Sixteenth
1632734,1680350,41,67,88.25,2.75,Dotted Half
1632734,1680350,42,64,88.25,2.75,Dotted Half
1637342,1647070,41,72,88.5,0.5,Eighth
1647070,1655262,41,84,89.0,0.5,Eighth
1647070,1664477,43,36,89.0,1.0,Quarter
1655262,1664477,41,72,89.5,0.5,Eighth
1664477,1680350,43,48,90.0,1.0,Quarter
1664477,1671646,41,84,90.0,0.5,Eighth
1671646,1680350,41,72,90.5,0.5,Eighth
1680350,1689566,41,84,91.0,0.5,Eighth
1680350,1684958,41,70,91.0,0.25,Sixteenth
1680350,1684958,42,67,91.0,0.25,Sixteenth
1684958,1733086,42,65,91.25,2.75,Dotted Half
1684958,1733086,41,68,91.25,2.75,Dotted Half
1689566,1697246,41,73,91.5,0.5,Eighth
1697246,1715678,43,36,92.0,1.0,Quarter
1697246,1705950,41,84,92.0,0.5,Eighth
1705950,1715678,41,73,92.5,0.5,Eighth
1715678,1724382,41,84,93.0,0.5,Eighth
1715678,1733086,43,48,93.0,1.0,Quarter
1724382,1733086,41,73,93.5,0.5,Eighth
1733086,1736670,42,67,94.0,0.25,Sixteenth
1733086,1736670,41,70,94.0,0.25,Sixteenth
1733086,1740766,41,84,94.0,0.5,Eighth
1736670,1784798,41,69,94.25,2.75,Dotted Half
1736670,1784798,42,66,94.25,2.75,Dotted Half
1740766,1749470,41,74,94.5,0.5,Eighth
1749470,1759197,41,84,95.0,0.5,Eighth
1749470,1768414,43,36,95.0,1.0,Quarter
1759197,1768414,41,74,95.5,0.5,Eighth
1768414,1778142,41,84,96.0,0.5,Eighth
1768414,1784798,43,48,96.0,1.0,Quarter
1778142,1784798,41,74,96.5,0.5,Eighth
1784798,2061789,43,48,97.0,16.0,Unknown
1784798,1793502,41,84,97.0,0.5,Eighth
1784798,1819102,41,70,97.0,2.0,Half
1784798,1819102,42,67,97.0,2.0,Half
1793502,1801182,41,75,97.5,0.5,Eighth
1801182,1809885,41,84,98.0,0.5,Eighth
1809885,1819102,41,76,98.5,0.5,Eighth
1819102,1837022,41,72,99.0,1.0,Quarter
1819102,1837022,42,69,99.0,1.0,Quarter
1819102,1828318,41,84,99.0,0.5,Eighth
1828318,1837022,41,77,99.5,0.5,Eighth
1837022,2042334,41,72,100.0,12.0,Unknown
1837022,1853918,42,63,100.0,1.0,Quarter
1837022,1844702,41,84,100.0,0.5,Eighth
1844702,1853918,41,78,100.5,0.5,Eighth
1853918,1870302,42,64,101.0,1.0,Quarter
1853918,1861086,41,84,101.0,0.5,Eighth
1861086,1870302,41,79,101.5,0.5,Eighth
1870302,1889246,42,65,102.0,1.0,Quarter
1870302,1879518,41,84,102.0,0.5,Eighth
1879518,1889246,41,80,102.5,0.5,Eighth
1889246,1906654,42,66,103.0,1.0,Quarter
1889246,1897438,41,84,103.0,0.5,Eighth
1897438,1906654,41,81,103.5,0.5,Eighth
1906654,1923550,42,67,104.0,1.0,Quarter
1906654,1915358,41,84,104.0,0.5,Eighth
1915358,1923550,41,82,104.5,0.5,Eighth
1923550,1942494,42,65,105.0,1.0,Quarter
1923550,1932765,41,84,105.0,0.5,Eighth
1932765,1942494,41,83,105.5,0.5,Eighth
1942494,1961438,42,64,106.0,1.0,Quarter
1942494,1952222,41,84,106.0,0.5,Eighth
1952222,1961438,41,82,106.5,0.5,Eighth
1961438,1978846,42,65,107.0,1.0,Quarter
1961438,1970654,41,84,107.0,0.5,Eighth
1970654,1978846,41,81,107.5,0.5,Eighth
1978846,1983453,41,84,108.0,0.5,Eighth
1978846,1992670,42,72,108.0,1.0,Quarter
1983453,1992670,41,80,108.5,0.5,Eighth
1992670,1999326,41,84,109.0,0.5,Eighth
1992670,2007006,42,71,109.0,1.0,Quarter
1999326,2007006,41,79,109.5,0.5,Eighth
2007006,2023390,42,70,110.0,1.0,Quarter
2007006,2016733,41,84,110.0,0.5,Eighth
2016733,2023390,41,78,110.5,0.5,Eighth
2023390,2032606,41,84,111.0,0.5,Eighth
2023390,2042334,42,69,111.0,1.0,Quarter
2032606,2042334,41,77,111.5,0.5,Eighth
2042334,2061789,41,71,112.0,1.0,Quarter
2042334,2061789,42,68,112.0,1.0,Quarter
2042334,2052062,41,84,112.0,0.5,Eighth
2052062,2061789,41,76,112.5,0.5,Eighth
2061789,2096094,43,36,113.0,2.0,Half
2061789,2071006,41,84,113.0,0.5,Eighth
2061789,2096094,41,70,113.0,2.0,Half
2061789,2096094,42,67,113.0,2.0,Half
2071006,2080734,41,75,113.5,0.5,Eighth
2080734,2088926,41,84,114.0,0.5,Eighth
2088926,2096094,41,75,114.5,0.5,Eighth
2096094,2114014,41,69,115.0,1.0,Quarter
2096094,2105310,41,84,115.0,0.5,Eighth
2096094,2114014,42,66,115.0,1.0,Quarter
2096094,2114014,43,48,115.0,1.0,Quarter
2105310,2114014,41,74,115.5,0.5,Eighth
2114014,2123230,41,84,116.0,0.5,Eighth
2114014,2148830,42,65,116.0,2.0,Half
2114014,2148830,41,68,116.0,2.0,Half
2114014,2148830,43,36,116.0,2.0,Half
2123230,2132958,41,73,116.5,0.5,Eighth
2132958,2141150,41,84,117.0,0.5,Eighth
2141150,2148830,41,73,117.5,0.5,Eighth
2148830,2166238,41,67,118.0,1.0,Quarter
2148830,2166238,42,64,118.0,1.0,Quarter
2148830,2166238,43,48,118.0,1.0,Quarter
2148830,2153950,41,72,118.0,0.25,Sixteenth
2158046,2161630,41,76,118.5,0.25,Sixteenth
2166238,2171358,41,79,119.0,0.25,Sixteenth
2175966,2179550,41,84,119.5,0.25,Sixteenth
2181598,2200030,42,67,120.0,1.0,Quarter
2181598,2191326,41,74,120.0,0.5,Eighth
2181598,2200030,41,65,120.0,1.0,Quarter
2181598,2200030,43,43,120.0,1.0,Quarter
2191326,2200030,41,83,120.5,0.5,Eighth
2200030,2204126,41,72,121.0,0.25,Sixteenth
2200030,2217438,41,64,121.0,1.0,Quarter
2200030,2217438,42,55,121.0,1.0,Quarter
2200030,2217438,43,48,121.0,1.0,Quarter
2209246,2213342,41,76,121.5,0.25,Sixteenth
2217438,2221022,41,79,122.0,0.25,Sixteenth
2226142,2227678,41,84,122.5,0.25,Sixteenth
2232286,2240478,41,74,123.0,0.5,Eighth
2232286,2250206,41,65,123.0,1.0,Quarter
2232286,2250206,42,67,123.0,1.0,Quarter
2232286,2250206,43,43,123.0,1.0,Quarter
2240478,2250206,41,83,123.5,0.5,Eighth
2250206,2268126,41,64,124.0,1.0,Quarter
2250206,2259422,42,55,124.0,0.5,Eighth
2250206,2259422,43,48,124.0,0.5,Eighth
2250206,2268126,41,84,124.0,1.0,Quarter
2259422,2264030,42,59,124.5,0.25,Sixteenth
2259422,2264030,43,47,124.5,0.25,Sixteenth
2268126,2272222,42,60,125.0,0.25,Sixteenth
2268126,2272222,43,48,125.0,0.25,Sixteenth
2276830,2280926,42,58,125.5,0.25,Sixteenth
2276830,2280926,43,46,125.5,0.25,Sixteenth
2285022,2293214,42,57,126.0,0.5,Eighth
2285022,2293214,43,45,126.0,0.5,Eighth
2293214,2301406,43,48,126.5,0.5,Eighth
2293214,2301406,42,60,126.5,0.5,Eighth
2301406,2318814,42,65,127.0,1.0,Quarter
2301406,2318814,43,53,127.0,1.0,Quarter
2318814,2327006,42,53,128.0,0.5,Eighth
2318814,2327006,43,41,128.0,0.5,Eighth
2335710,2344926,42,53,129.0,0.5,Eighth
2335710,2344926,43,41,129.0,0.5,Eighth
2354142,2359774,43,43,130.0,0.25,Sixteenth
2354142,2364382,42,77,130.0,0.5,Eighth
2359774,2408926,43,41,130.25,2.75,Dotted Half
2364382,2373598,42,65,130.5,0.5,Eighth
2373598,2383326,42,77,131.0,0.5,Eighth
2373598,2387934,41,69,131.0,0.75,Dotted Eighth
2373598,2387934,41,81,131.0,0.75,Dotted Eighth
2383326,2392542,42,65,131.5,0.5,Eighth
2387934,2392542,41,72,131.75,0.25,Sixteenth
2387934,2392542,41,84,131.75,0.25,Sixteenth
2392542,2402270,42,77,132.0,0.5,Eighth
2392542,2408926,41,87,132.0,1.0,Quarter
2392542,2408926,41,75,132.0,1.0,Quarter
2402270,2408926,42,65,132.5,0.5,Eighth
2408926,2417630,42,77,133.0,0.5,Eighth
2408926,2413534,43,43,133.0,0.25,Sixteenth
2413534,2461662,43,41,133.25,2.75,Dotted Half
2417630,2426846,42,65,133.5,0.5,Eighth
2426846,2436574,42,77,134.0,0.5,Eighth
2426846,2441182,41,74,134.0,0.75,Dotted Eighth
2426846,2441182,41,62,134.0,0.75,Dotted Eighth
2436574,2445278,42,65,134.5,0.5,Eighth
2441182,2445278,41,82,134.75,0.25,Sixteenth
2441182,2445278,41,70,134.75,0.25,Sixteenth
2445278,2461662,41,86,135.0,1.0,Quarter
2445278,2461662,41,74,135.0,1.0,Quarter
2445278,2453982,42,77,135.0,0.5,Eighth
2453982,2461662,42,65,135.5,0.5,Eighth
2461662,2469854,42,76,136.0,0.5,Eighth
2461662,2469854,43,43,136.0,0.5,Eighth
2469854,2479070,43,41,136.5,0.5,Eighth
2469854,2479070,42,64,136.5,0.5,Eighth
2479070,2485726,42,76,137.0,0.5,Eighth
2479070,2485726,43,43,137.0,0.5,Eighth
2479070,2490334,41,79,137.0,0.75,Dotted Eighth
2479070,2490334,41,67,137.0,0.75,Dotted Eighth
2485726,2495454,43,41,137.5,0.5,Eighth
2485726,2495454,42,64,137.5,0.5,Eighth
2490334,2495454,41,82,137.75,0.25,Sixteenth
2490334,2495454,41,70,137.75,0.25,Sixteenth
2495454,2503646,42,76,138.0,0.5,Eighth
2495454,2503646,43,43,138.0,0.5,Eighth
2495454,2512862,41,85,138.0,1.0,Quarter
2495454,2512862,41,73,138.0,1.0,Quarter
2503646,2512862,43,41,138.5,0.5,Eighth
2503646,2512862,42,64,138.5,0.5,Eighth
2512862,2521054,42,75,139.0,0.5,Eighth
2512862,2521054,43,43,139.0,0.5,Eighth
2521054,2530270,42,63,139.5,0.5,Eighth
2521054,2530270,43,41,139.5,0.5,Eighth
2530270,2538462,43,43,140.0,0.5,Eighth
2530270,2538462,42,75,140.0,0.5,Eighth
2530270,2543070,41,72,140.0,0.75,Dotted Eighth
2530270,2543070,41,60,140.0,0.75,Dotted Eighth
2538462,2547166,42,63,140.5,0.5,Eighth
2538462,2547166,43,41,140.5,0.5,Eighth
2543070,2547166,41,81,140.75,0.25,Sixteenth
2543070,2547166,41,69,140.75,0.25,Sixteenth
2547166,2563038,41,84,141.0,1.0,Quarter
2547166,2555870,42,75,141.0,0.5,Eighth
2547166,2555870,43,43,141.0,0.5,Eighth
2547166,2563038,41,72,141.0,1.0,Quarter
2555870,2563038,43,41,141.5,0.5,Eighth
2555870,2563038,42,63,141.5,0.5,Eighth
2563038,2572766,42,74,142.0,0.5,Eighth
2563038,2572766,43,43,142.0,0.5,Eighth
2572766,2580446,42,62,142.5,0.5,Eighth
2572766,2580446,43,41,142.5,0.5,Eighth
2580446,2587102,43,43,143.0,0.5,Eighth
2580446,2587102,42,74,143.0,0.5,Eighth
2580446,2591198,41,72,143.0,0.75,Dotted Eighth
2580446,2591198,41,60,143.0,0.75,Dotted Eighth
2587102,2595806,42,62,143.5,0.5,Eighth
2587102,2595806,43,41,143.5,0.5,Eighth
2591198,2595806,41,77,143.75,0.25,Sixteenth
2591198,2595806,41,65,143.75,0.25,Sixteenth
2595806,2603998,43,43,144.0,0.5,Eighth
2595806,2603998,42,74,144.0,0.5,Eighth
2595806,2609118,41,84,144.0,1.0,Quarter
2595806,2609118,41,72,144.0,1.0,Quarter
2603998,2609118,43,41,144.5,0.5,Eighth
2603998,2609118,42,62,144.5,0.5,Eighth
2609118,2618334,42,73,145.0,0.5,Eighth
2609118,2618334,43,43,145.0,0.5,Eighth
2618334,2628574,42,61,145.5,0.5,Eighth
2618334,2628574,43,41,145.5,0.5,Eighth
2628574,2637790,42,73,146.0,0.5,Eighth
2628574,2637790,43,43,146.0,0.5,Eighth
2628574,2642910,41,71,146.0,0.75,Dotted Eighth
2628574,2642910,41,59,146.0,0.75,Dotted Eighth
2637790,2647518,42,61,146.5,0.5,Eighth
2637790,2647518,43,41,146.5,0.5,Eighth
2642910,2647518,41,80,146.75,0.25,Sixteenth
2642910,2647518,41,68,146.75,0.25,Sixteenth
2647518,2656734,42,73,147.0,0.5,Eighth
2647518,2656734,43,43,147.0,0.5,Eighth
2647518,2665950,41,83,147.0,1.0,Quarter
2647518,2665950,41,71,147.0,1.0,Quarter
2656734,2665950,42,61,147.5,0.5,Eighth
2656734,2665950,43,41,147.5,0.5,Eighth
2665950,2674654,42,60,148.0,0.5,Eighth
2665950,2674654,43,40,148.0,0.5,Eighth
2665950,2681822,41,84,148.0,1.0,Quarter
2665950,2681822,41,72,148.0,1.0,Quarter
2674654,2681822,43,43,148.5,0.5,Eighth
2674654,2681822,42,64,148.5,0.5,Eighth
2681822,2700766,41,82,149.0,1.0,Quarter
2681822,2700766,41,70,149.0,1.0,Quarter
2681822,2700766,42,67,149.0,1.0,Quarter
2681822,2686430,43,36,149.0,0.25,Sixteenth
2691038,2695646,43,40,149.5,0.25,Sixteenth
2700766,2705374,43,41,150.0,0.25,Sixteenth
2700766,2710494,41,81,150.0,0.525,Eighth
2700766,2710494,41,69,150.0,0.525,Eighth
2700766,2719710,42,65,150.0,1.0,Quarter
2709982,2714590,43,45,150.5,0.25,Sixteenth
2714590,2719710,41,69,150.75,0.25,Sixteenth
2714590,2719710,41,81,150.75,0.25,Sixteenth
2719710,2724318,43,46,151.0,0.25,Sixteenth
2719710,2728926,42,62,151.0,0.5,Eighth
2719710,2738142,41,79,151.0,1.0,Quarter
2719710,2738142,41,67,151.0,1.0,Quarter
2728926,2733534,43,43,151.5,0.25,Sixteenth
2728926,2738142,42,58,151.5,0.5,Eighth
2738142,2757598,41,77,152.0,1.0,Quarter
2738142,2743262,43,48,152.0,0.25,Sixteenth
2738142,2757598,41,65,152.0,1.0,Quarter
2738142,2757598,42,57,152.0,1.0,Quarter
2747870,2752990,43,46,152.5,0.25,Sixteenth
2757598,2777054,42,55,153.0,1.0,Quarter
2757598,2763230,43,48,153.0,0.25,Sixteenth
2757598,2777054,41,76,153.0,1.0,Quarter
2757598,2777054,41,64,153.0,1.0,Quarter
2767838,2772446,43,36,153.5,0.25,Sixteenth
2777054,2786782,41,65,154.0,0.5,Eighth
2777054,2782174,41,77,154.0,0.25,Sixteenth
2777054,2786782,42,57,154.0,0.5,Eighth
2777054,2786782,43,41,154.0,0.5,Eighth
2786782,2791390,41,81,154.5,0.25,Sixteenth
2795998,2800606,41,82,155.0,0.25,Sixteenth
2805726,2810334,41,84,155.5,0.25,Sixteenth
2814942,2819550,41,86,156.0,0.25,Sixteenth
2824669,2826718,41,88,156.5,0.25,Sixteenth
2827230,2839518,41,89,157.0,1.0,Quarter
2839518,2844126,43,62,158.0,0.25,Sixteenth
2839518,2851806,41,69,158.0,0.5,Eighth
2839518,2851806,42,65,158.0,0.5,Eighth
2839518,2861534,41,89,158.0,1.0,Quarter
2861534,2866142,43,62,159.0,0.25,Sixteenth
2861534,2883550,41,69,159.0,0.5,Eighth
2861534,2883550,42,65,159.0,0.5,Eighth
2861534,2893278,41,89,159.0,1.0,Quarter
2893278,2939358,41,91,160.0,3.0,Dotted Half
2899934,2909149,42,65,161.0,0.5,Eighth
2899934,2904542,43,58,161.0,0.25,Sixteenth
2899934,2909149,41,74,161.0,0.5,Eighth
2918878,2928606,42,65,162.0,0.5,Eighth
2918878,2928606,41,74,162.0,0.5,Eighth
2918878,2923486,43,58,162.0,0.25,Sixteenth
2939358,2985950,41,84,163.0,2.5,Dotted Half
2956766,2961886,43,60,164.0,0.25,Sixteenth
2956766,2975709,41,67,164.0,1.0,Quarter
2956766,2975709,42,64,164.0,1.0,Quarter
2975709,2998750,42,67,165.0,1.0,Dotted Eighth
2975709,2981341,43,60,165.0,0.25,Sixteenth
2975709,2998750,41,70,165.0,1.0,Dotted Eighth
2985950,2990558,41,86,165.5,0.25,Sixteenth
2990558,2998750,41,88,165.75,0.25,Triplet Sixteenth
2998750,3008990,42,65,166.0,0.5,Eighth
2998750,3004382,43,53,166.0,0.25,Sixteenth
2998750,3008990,41,69,166.0,0.5,Eighth
2998750,3017182,41,89,166.0,0.9375,Quarter
3037150,3046366,41,60,168.0,0.5,Eighth
3037150,3046366,42,52,168.0,0.5,Eighth
3046366,3056606,41,64,168.5,0.5,Dotted Quarter
3046366,3056606,42,60,168.5,0.5,Dotted Quarter
3056606,3074014,41,67,169.0,1.0,Quarter
3056606,3074014,42,64,169.0,1.0,Quarter
3074014,3080158,41,67,170.0,0.5,Eighth
3074014,3080158,42,64,170.0,0.5,Eighth
3089886,3099102,41,67,171.0,0.5,Eighth
3089886,3099102,42,64,171.0,0.5,Eighth
3108830,3112414,41,68,172.0,0.25,Sixteenth
3108830,3112414,42,65,172.0,0.25,Sixteenth
3108830,3117022,41,84,172.0,0.5,Eighth
3112414,3162078,42,64,172.25,2.75,Dotted Half
3112414,3162078,41,67,172.25,2.75,Dotted Half
3117022,3126749,41,72,172.5,0.5,Eighth
3126749,3145694,43,36,173.0,1.0,Quarter
3126749,3135966,41,84,173.0,0.5,Eighth
3135966,3145694,41,72,173.5,0.5,Eighth
3145694,3162078,43,48,174.0,1.0,Quarter
3145694,3153886,41,84,174.0,0.5,Eighth
3153886,3162078,41,72,174.5,0.5,Eighth
3162078,3170782,41,84,175.0,0.5,Eighth
3162078,3166173,41,70,175.0,0.25,Sixteenth
3162078,3166173,42,67,175.0,0.25,Sixteenth
3166173,3215326,41,68,175.25,2.75,Dotted Half
3166173,3215326,42,65,175.25,2.75,Dotted Half
3170782,3179486,41,73,175.5,0.5,Eighth
3179486,3196382,43,36,176.0,1.0,Quarter
3179486,3187678,41,84,176.0,0.5,Eighth
3187678,3196382,41,73,176.5,0.5,Eighth
3196382,3215326,43,48,177.0,1.0,Quarter
3196382,3206110,41,84,177.0,0.5,Eighth
3206110,3215326,41,73,177.5,0.5,Eighth
3215326,3224030,41,84,178.0,0.5,Eighth
3215326,3218910,41,70,178.0,0.25,Sixteenth
3215326,3218910,42,67,178.0,0.25,Sixteenth
3218910,3267550,41,69,178.25,2.75,Dotted Half
3218910,3267550,42,66,178.25,2.75,Dotted Half
3224030,3231710,41,74,178.5,0.5,Eighth
3231710,3248606,43,36,179.0,1.0,Quarter
3231710,3239902,41,84,179.0,0.5,Eighth
3239902,3248606,41,74,179.5,0.5,Eighth
3248606,3267550,43,48,180.0,1.0,Quarter
3248606,3258334,41,84,180.0,0.5,Eighth
3258334,3267550,41,74,180.5,0.5,Eighth
3267550,3544542,43,48,181.0,16.0,Unknown
3267550,3276766,41,84,181.0,0.5,Eighth
3267550,3301854,41,70,181.0,2.0,Half
3267550,3301854,42,67,181.0,2.0,Half
3276766,3285470,41,75,181.5,0.5,Eighth
3285470,3293150,41,84,182.0,0.5,Eighth
3293150,3301854,41,76,182.5,0.5,Eighth
3301854,3311070,41,84,183.0,0.5,Eighth
3301854,3320798,42,69,183.0,1.0,Quarter
3301854,3320798,41,72,183.0,1.0,Quarter
3311070,3320798,41,77,183.5,0.5,Eighth
3320798,3329502,41,84,184.0,0.5,Eighth
3320798,3337182,42,63,184.0,1.0,Quarter
3320798,3526622,41,72,184.0,12.0,Unknown
3329502,3337182,41,78,184.5,0.5,Eighth
3337182,3344350,41,84,185.0,0.5,Eighth
3337182,3354078,42,64,185.0,1.0,Quarter
3344350,3354078,41,79,185.5,0.5,Eighth
3354078,3371998,42,65,186.0,1.0,Quarter
3354078,3362782,41,84,186.0,0.5,Eighth
3362782,3371998,41,80,186.5,0.5,Eighth
3371998,3389918,42,66,187.0,1.0,Quarter
3371998,3381726,41,84,187.0,0.5,Eighth
3381726,3389918,41,81,187.5,0.5,Eighth
3389918,3405278,42,67,188.0,1.0,Quarter
3389918,3397086,41,84,188.0,0.5,Eighth
3397086,3405278,41,82,188.5,0.5,Eighth
3405278,3423710,42,65,189.0,1.0,Quarter
3405278,3415006,41,84,189.0,0.5,Eighth
3415006,3423710,41,83,189.5,0.5,Eighth
3423710,3442142,42,64,190.0,1.0,Quarter
3423710,3433438,41,84,190.0,0.5,Eighth
3433438,3442142,41,82,190.5,0.5,Eighth
3442142,3450846,41,84,191.0,0.5,Eighth
3442142,3459550,42,65,191.0,1.0,Quarter
3450846,3459550,41,81,191.5,0.5,Eighth
3459550,3478494,42,72,192.0,1.0,Quarter
3459550,3469278,41,84,192.0,0.5,Eighth
3469278,3478494,41,80,192.5,0.5,Eighth
3478494,3497438,42,71,193.0,1.0,Quarter
3478494,3487710,41,84,193.0,0.5,Eighth
3487710,3497438,41,79,193.5,0.5,Eighth
3497438,3501534,41,84,194.0,0.5,Eighth
3497438,3510238,42,70,194.0,1.0,Quarter
3501534,3510238,41,78,194.5,0.5,Eighth
3510238,3517406,41,84,195.0,0.5,Eighth
3510238,3526622,42,69,195.0,1.0,Quarter
3517406,3526622,41,77,195.5,0.5,Eighth
3526622,3535326,41,84,196.0,0.5,Eighth
3526622,3544542,41,71,196.0,1.0,Quarter
3526622,3544542,42,68,196.0,1.0,Quarter
3535326,3544542,41,76,196.5,0.5,Eighth
3544542,3580382,41,70,197.0,2.0,Half
3544542,3553246,41,84,197.0,0.5,Eighth
3544542,3580382,43,36,197.0,2.0,Half
3544542,3580382,42,67,197.0,2.0,Half
3553246,3561950,41,75,197.5,0.5,Eighth
3561950,3571166,41,84,198.0,0.5,Eighth
3571166,3580382,41,75,198.5,0.5,Eighth
3580382,3598302,43,48,199.0,1.0,Quarter
3580382,3590622,41,84,199.0,0.5,Eighth
3580382,3598302,41,69,199.0,1.0,Quarter
3580382,3598302,42,66,199.0,1.0,Quarter
3590622,3598302,41,74,199.5,0.5,Eighth
3598302,3634142,42,65,200.0,2.0,Half
3598302,3608029,41,84,200.0,0.5,Eighth
3598302,3634142,41,68,200.0,2.0,Half
3598302,3634142,43,36,200.0,2.0,Half
3608029,3615710,41,73,200.5,0.5,Eighth
3615710,3624925,41,84,201.0,0.5,Eighth
3624925,3634142,41,73,201.5,0.5,Eighth
3634142,3638750,41,72,202.0,0.25,Sixteenth
3634142,3651550,41,67,202.0,1.0,Quarter
3634142,3651550,42,64,202.0,1.0,Quarter
3634142,3651550,43,48,202.0,1.0,Quarter
3643870,3647453,41,76,202.5,0.25,Sixteenth
3651550,3656158,41,79,203.0,0.25,Sixteenth
3661278,3664862,41,84,203.5,0.25,Sixteenth
3666910,3676126,41,74,204.0,0.5,Eighth
3666910,3685342,41,65,204.0,1.0,Quarter
3666910,3685342,42,67,204.0,1.0,Quarter
3666910,3685342,43,43,204.0,1.0,Quarter
3676126,3685342,41,83,204.5,0.5,Eighth
3685342,3703773,42,55,205.0,1.0,Quarter
3685342,3689950,41,72,205.0,0.25,Sixteenth
3685342,3703773,41,64,205.0,1.0,Quarter
3685342,3703773,43,48,205.0,1.0,Quarter
3694558,3699166,41,76,205.5,0.25,Sixteenth
3703773,3708381,41,79,206.0,0.25,Sixteenth
3712478,3714013,41,84,206.5,0.25,Sixteenth
3718110,3736030,42,67,207.0,1.0,Quarter
3718110,3736030,43,43,207.0,1.0,Quarter
3718110,3726814,41,74,207.0,0.5,Eighth
3718110,3736030,41,65,207.0,1.0,Quarter
3726814,3736030,41,83,207.5,0.5,Eighth
3736030,3743710,42,55,208.0,0.5,Eighth
3736030,3743710,43,48,208.0,0.5,Eighth
3736030,3750878,41,84,208.0,1.0,Quarter
3736030,3750878,41,64,208.0,1.0,Quarter
3743710,3747294,42,59,208.5,0.25,Sixteenth
3743710,3747294,43,47,208.5,0.25,Sixteenth
3750878,3755486,42,60,209.0,0.25,Sixteenth
3750878,3755486,43,48,209.0,0.25,Sixteenth
3761118,3765726,43,46,209.5,0.25,Sixteenth
3761118,3765726,42,58,209.5,0.25,Sixteenth
3769822,3778526,42,57,210.0,0.5,Eighth
3769822,3778526,43,45,210.0,0.5,Eighth
3778526,3787229,42,60,210.5,0.5,Eighth
3778526,3787229,43,48,210.5,0.5,Eighth
3787229,3803614,42,65,211.0,1.0,Quarter
3787229,3803614,43,53,211.0,1.0,Quarter
3803614,3813342,42,53,212.0,0.5,Eighth
3803614,3813342,43,41,212.0,0.5,Eighth
3822558,3832285,42,53,213.0,0.5,Eighth
3822558,3832285,43,41,213.0,0.5,Eighth
3842014,3851742,42,77,214.0,0.5,Eighth
3842014,3846622,43,43,214.0,0.25,Sixteenth
3846622,3895262,43,41,214.25,2.75,Dotted Half
3851742,3860958,42,65,214.5,0.5,Eighth
3860958,3870685,42,77,215.0,0.5,Eighth
3860958,3875294,41,81,215.0,0.75,Dotted Eighth
3860958,3875294,41,69,215.0,0.75,Dotted Eighth
3870685,3879390,42,65,215.5,0.5,Eighth
3875294,3879390,41,72,215.75,0.25,Sixteenth
3875294,3879390,41,84,215.75,0.25,Sixteenth
3879390,3887581,42,77,216.0,0.5,Eighth
3879390,3895262,41,87,216.0,1.0,Quarter
3879390,3895262,41,75,216.0,1.0,Quarter
3887581,3895262,42,65,216.5,0.5,Eighth
3895262,3899870,43,43,217.0,0.25,Sixteenth
3895262,3904477,42,77,217.0,0.5,Eighth
3899870,3946462,43,41,217.25,2.75,Dotted Half
3904477,3912670,42,65,217.5,0.5,Eighth
3912670,3927005,41,74,218.0,0.75,Dotted Eighth
3912670,3927005,41,62,218.0,0.75,Dotted Eighth
3912670,3921886,42,77,218.0,0.5,Eighth
3921886,3931102,42,65,218.5,0.5,Eighth
3927005,3931102,41,70,218.75,0.25,Sixteenth
3927005,3931102,41,82,218.75,0.25,Sixteenth
3931102,3938269,42,77,219.0,0.5,Eighth
3931102,3946462,41,86,219.0,1.0,Quarter
3931102,3946462,41,74,219.0,1.0,Quarter
3938269,3946462,42,65,219.5,0.5,Eighth
3946462,3954142,43,43,220.0,0.5,Eighth
3946462,3954142,42,76,220.0,0.5,Eighth
3954142,3963870,42,64,220.5,0.5,Eighth
3954142,3963870,43,41,220.5,0.5,Eighth
3963870,3973086,43,43,221.0,0.5,Eighth
3963870,3973086,42,76,221.0,0.5,Eighth
3963870,3977693,41,79,221.0,0.75,Dotted Eighth
3963870,3977693,41,67,221.0,0.75,Dotted Eighth
3973086,3980766,42,64,221.5,0.5,Eighth
3973086,3980766,43,41,221.5,0.5,Eighth
3977693,3980766,41,82,221.75,0.25,Sixteenth
3977693,3980766,41,70,221.75,0.25,Sixteenth
3980766,3989982,42,76,222.0,0.5,Eighth
3980766,3989982,43,43,222.0,0.5,Eighth
3980766,3998686,41,85,222.0,1.0,Quarter
3980766,3998686,41,73,222.0,1.0,Quarter
3989982,3998686,42,64,222.5,0.5,Eighth
3989982,3998686,43,41,222.5,0.5,Eighth
3998686,4008414,43,43,223.0,0.5,Eighth
3998686,4008414,42,75,223.0,0.5,Eighth
4008414,4015070,42,63,223.5,0.5,Eighth
4008414,4015070,43,41,223.5,0.5,Eighth
4015070,4022750,43,43,224.0,0.5,Eighth
4015070,4022750,42,75,224.0,0.5,Eighth
4015070,4026846,41,72,224.0,0.75,Dotted Eighth
4015070,4026846,41,60,224.0,0.75,Dotted Eighth
4022750,4031454,42,63,224.5,0.5,Eighth
4022750,4031454,43,41,224.5,0.5,Eighth
4026846,4031454,41,69,224.75,0.25,Sixteenth
4026846,4031454,41,81,224.75,0.25,Sixteenth
4031454,4041182,42,75,225.0,0.5,Eighth
4031454,4041182,43,43,225.0,0.5,Eighth
4031454,4049885,41,84,225.0,1.0,Quarter
4031454,4049885,41,72,225.0,1.0,Quarter
4041182,4049885,42,63,225.5,0.5,Eighth
4041182,4049885,43,41,225.5,0.5,Eighth
4049885,4058590,42,74,226.0,0.5,Eighth
4049885,4058590,43,43,226.0,0.5,Eighth
4058590,4066781,42,62,226.5,0.5,Eighth
4058590,4066781,43,41,226.5,0.5,Eighth
4066781,4073438,42,74,227.0,0.5,Eighth
4066781,4073438,43,43,227.0,0.5,Eighth
4066781,4077022,41,72,227.0,0.75,Dotted Eighth
4066781,4077022,41,60,227.0,0.75,Dotted Eighth
4073438,4081630,42,62,227.5,0.5,Eighth
4073438,4081630,43,41,227.5,0.5,Eighth
4077022,4081630,41,77,227.75,0.25,Sixteenth
4077022,4081630,41,65,227.75,0.25,Sixteenth
4081630,4090846,42,74,228.0,0.5,Eighth
4081630,4090846,43,43,228.0,0.5,Eighth
4081630,4100062,41,84,228.0,1.0,Quarter
4081630,4100062,41,72,228.0,1.0,Quarter
4090846,4100062,42,62,228.5,0.5,Eighth
4090846,4100062,43,41,228.5,0.5,Eighth
4100062,4109278,42,73,229.0,0.5,Eighth
4100062,4109278,43,43,229.0,0.5,Eighth
4109278,4119006,43,41,229.5,0.5,Eighth
4109278,4119006,42,61,229.5,0.5,Eighth
4119006,4128733,42,73,230.0,0.5,Eighth
4119006,4128733,43,43,230.0,0.5,Eighth
4119006,4133341,41,71,230.0,0.75,Dotted Eighth
4119006,4133341,41,59,230.0,0.75,Dotted Eighth
4128733,4138462,42,61,230.5,0.5,Eighth
4128733,4138462,43,41,230.5,0.5,Eighth
4133341,4138462,41,80,230.75,0.25,Sixteenth
4133341,4138462,41,68,230.75,0.25,Sixteenth
4138462,4147166,42,73,231.0,0.5,Eighth
4138462,4147166,43,43,231.0,0.5,Eighth
4138462,4156893,41,83,231.0,1.0,Quarter
4138462,4156893,41,71,231.0,1.0,Quarter
4147166,4156893,42,61,231.5,0.5,Eighth
4147166,4156893,43,41,231.5,0.5,Eighth
4156893,4166110,43,40,232.0,0.5,Eighth
4156893,4166110,42,60,232.0,0.5,Eighth
4156893,4176350,41,84,232.0,1.0,Quarter
4156893,4176350,41,72,232.0,1.0,Quarter
4166110,4176350,42,64,232.5,0.5,Eighth
4166110,4176350,43,43,232.5,0.5,Eighth
4176350,4193246,42,67,233.0,1.0,Quarter
4176350,4193246,41,82,233.0,1.0,Quarter
4176350,4193246,41,70,233.0,1.0,Quarter
4176350,4180958,43,36,233.0,0.25,Sixteenth
4185566,4188638,43,40,233.5,0.25,Sixteenth
4193246,4212190,42,65,234.0,1.0,Quarter
4193246,4198366,43,41,234.0,0.25,Sixteenth
4193246,4203486,41,81,234.0,0.525,Eighth
4193246,4203486,41,69,234.0,0.525,Eighth
4202974,4207582,43,45,234.5,0.25,Sixteenth
4207582,4212190,41,81,234.75,0.25,Sixteenth
4207582,4212190,41,69,234.75,0.25,Sixteenth
4212190,4222942,42,62,235.0,0.5,Eighth
4212190,4218334,43,46,235.0,0.25,Sixteenth
4212190,4232670,41,79,235.0,1.0,Quarter
4212190,4232670,41,67,235.0,1.0,Quarter
4222942,4232670,42,58,235.5,0.5,Eighth
4222942,4228062,43,43,235.5,0.25,Sixteenth
4232670,4237790,43,48,236.0,0.25,Sixteenth
4232670,4251614,41,77,236.0,1.0,Quarter
4232670,4251614,41,65,236.0,1.0,Quarter
4232670,4251614,42,57,236.0,1.0,Quarter
4242398,4247006,43,46,236.5,0.25,Sixteenth
4251614,4256222,43,48,237.0,0.25,Sixteenth
4251614,4271070,41,76,237.0,1.0,Quarter
4251614,4271070,41,64,237.0,1.0,Quarter
4251614,4271070,42,55,237.0,1.0,Quarter
4261342,4266462,43,36,237.5,0.25,Sixteenth
4271070,4275678,41,77,238.0,0.25,Sixteenth
4271070,4280798,41,65,238.0,0.5,Eighth
4271070,4280798,42,57,238.0,0.5,Eighth
4271070,4280798,43,41,238.0,0.5,Eighth
4280798,4285918,41,81,238.5,0.25,Sixteenth
4290526,4295134,41,82,239.0,0.25,Sixteenth
4299742,4304862,41,84,239.5,0.25,Sixteenth
4309470,4312030,41,86,240.0,0.25,Sixteenth
4312030,4318174,41,89,241.0,1.0,Quarter
4318174,4322782,43,62,242.0,0.25,Sixteenth
4318174,4331486,41,69,242.0,0.5,Eighth
4318174,4331486,42,65,242.0,0.5,Eighth
4318174,4341214,41,89,242.0,1.0,Quarter
4341214,4345822,43,62,243.0,0.25,Sixteenth
4341214,4357598,41,69,243.0,0.5,Eighth
4341214,4357598,42,65,243.0,0.5,Eighth
4341214,4367326,41,89,243.0,1.0,Quarter
4367326,4419038,41,91,244.0,3.0,Dotted Half
4381150,4386270,43,58,245.0,0.25,Sixteenth
4381150,4390878,41,74,245.0,0.5,Eighth
4381150,4390878,42,65,245.0,0.5,Eighth
4400094,4409822,42,65,246.0,0.5,Eighth
4400094,4405214,43,58,246.0,0.25,Sixteenth
4400094,4409822,41,74,246.0,0.5,Eighth
4419038,4466654,41,84,247.0,2.5,Half
4438494,4443102,43,60,248.0,0.25,Sixteenth
4438494,4457438,42,64,248.0,1.0,Quarter
4438494,4457438,41,67,248.0,1.0,Quarter
4457438,4475870,42,67,249.0,1.0,Dotted Eighth
4457438,4461534,43,60,249.0,0.25,Sixteenth
4457438,4475870,41,70,249.0,1.0,Dotted Eighth
4466654,4471262,41,86,249.5,0.25,Sixteenth
4471262,4475870,41,88,249.75,0.25,Triplet Sixteenth
4475870,4491742,41,69,250.0,0.5,Eighth
4475870,4491742,42,65,250.0,0.5,Eighth
4475870,4499934,41,89,250.0,0.9375,Quarter
4475870,4486622,43,53,250.0,0.25,Sixteenth
4519902,4535774,41,69,252.0,0.8,Dotted Eighth
4519902,4535774,42,65,252.0,0.8,Dotted Eighth
4540382,4550110,41,70,253.0,0.5,Eighth
4540382,4550110,42,67,253.0,0.5,Eighth
4550110,4559838,41,72,253.5,0.5,Eighth
4550110,4559838,42,69,253.5,0.5,Eighth
4559838,4563934,41,84,254.0,0.25,Sixteenth
4559838,4568542,41,74,254.0,0.5,Eighth
4559838,4568542,42,70,254.0,0.5,Eighth
4568542,4572638,41,72,254.5,0.25,Sixteenth
4568542,4572638,42,69,254.5,0.25,Sixteenth
4577758,4582366,41,84,255.0,0.25,Sixteenth
4577758,4582366,41,70,255.0,0.25,Sixteenth
4577758,4582366,42,67,255.0,0.25,Sixteenth
4585438,4590046,41,69,255.5,0.25,Sixteenth
4585438,4590046,42,65,255.5,0.25,Sixteenth
4595166,4599262,41,84,256.0,0.25,Sixteenth
4595166,4599262,41,67,256.0,0.25,Sixteenth
4595166,4599262,42,64,256.0,0.25,Sixteenth
4602846,4607454,42,65,256.5,0.25,Sixteenth
4602846,4607454,41,69,256.5,0.25,Sixteenth
4612062,4616158,41,84,257.0,0.25,Sixteenth
4612062,4616158,41,70,257.0,0.25,Sixteenth
4612062,4616158,42,67,257.0,0.25,Sixteenth
4619742,4624350,41,69,257.5,0.25,Sixteenth
4619742,4624350,42,65,257.5,0.25,Sixteenth
4628446,4633054,41,84,258.0,0.25,Sixteenth
4628446,4633054,41,67,258.0,0.25,Sixteenth
4628446,4633054,42,64,258.0,0.25,Sixteenth
4637150,4641758,41,65,258.5,0.25,Sixteenth
4637150,4641758,42,62,258.5,0.25,Sixteenth
4646366,4651486,43,48,259.0,0.25,Sixteenth
4646366,4664286,41,84,259.0,1.0,Quarter
4646366,4664286,41,64,259.0,1.0,Quarter
4646366,4664286,42,60,259.0,1.0,Quarter
4664286,4683230,41,76,260.0,1.0,Quarter
4664286,4683230,41,67,260.0,1.0,Quarter
4664286,4683230,42,58,260.0,1.0,Quarter
4683230,4702686,41,65,261.0,1.0,Quarter
4683230,4688350,43,53,261.0,0.25,Sixteenth
4683230,4702686,41,77,261.0,1.0,Quarter
4683230,4702686,42,57,261.0,1.0,Quarter
4702686,4707294,41,76,262.0,0.25,Sixteenth
4702686,4707294,41,64,262.0,0.25,Sixteenth
4702686,4707294,42,60,262.0,0.25,Sixteenth
4702686,4707294,43,48,262.0,0.25,Sixteenth
4707294,4711902,41,79,262.25,0.25,Sixteenth
4721118,4725726,41,77,263.0,0.25,Sixteenth
4721118,4725726,41,72,263.0,0.25,Sixteenth
4721118,4725726,42,62,263.0,0.25,Sixteenth
4721118,4725726,43,41,263.0,0.25,Sixteenth
4725726,4730334,41,81,263.25,0.25,Sixteenth
4739038,4743646,41,74,264.0,0.25,Sixteenth
4739038,4743646,41,77,264.0,0.25,Sixteenth
4739038,4743646,42,67,264.0,0.25,Sixteenth
4739038,4743646,43,43,264.0,0.25,Sixteenth
4743646,4748254,41,83,264.25,0.25,Sixteenth
4757982,4762590,43,36,265.0,0.25,Sixteenth
4757982,4762590,41,76,265.0,0.25,Sixteenth
4757982,4767198,42,67,265.0,0.5,Eighth
4762590,4767198,41,84,265.25,0.25,Sixteenth
4776926,4781534,43,48,266.0,0.25,Sixteenth
4796894,4816350,41,69,267.0,1.0,Quarter
4796894,4816350,42,65,267.0,1.0,Quarter
4816350,4825566,41,70,268.0,0.5,Eighth
4816350,4825566,42,67,268.0,0.5,Eighth
4825566,4834782,41,72,268.5,0.5,Eighth
4825566,4834782,42,69,268.5,0.5,Eighth
4834782,4839390,41,84,269.0,0.25,Sixteenth
4834782,4843486,41,74,269.0,0.5,Eighth
4834782,4843486,42,70,269.0,0.5,Eighth
4843486,4848094,41,72,269.5,0.25,Sixteenth
4843486,4848094,42,69,269.5,0.25,Sixteenth
4851678,4856798,41,84,270.0,0.25,Sixteenth
4851678,4856798,41,70,270.0,0.25,Sixteenth
4851678,4856798,42,67,270.0,0.25,Sixteenth
4860382,4864990,41,69,270.5,0.25,Sixteenth
4860382,4864990,42,65,270.5,0.25,Sixteenth
4869598,4872670,41,84,271.0,0.25,Sixteenth
4869598,4872670,41,67,271.0,0.25,Sixteenth
4869598,4872670,42,64,271.0,0.25,Sixteenth
4876254,4880862,41,69,271.5,0.25,Sixteenth
4876254,4880862,42,65,271.5,0.25,Sixteenth
4884958,4889566,41,84,272.0,0.25,Sixteenth
4884958,4889566,41,70,272.0,0.25,Sixteenth
4884958,4889566,42,67,272.0,0.25,Sixteenth
4893150,4897246,41,69,272.5,0.25,Sixteenth
4893150,4897246,42,65,272.5,0.25,Sixteenth
4901854,4905950,41,84,273.0,0.25,Sixteenth
4901854,4905950,41,67,273.0,0.25,Sixteenth
4901854,4905950,42,64,273.0,0.25,Sixteenth
4909534,4914142,41,65,273.5,0.25,Sixteenth
4909534,4914142,42,62,273.5,0.25,Sixteenth
4918238,4936158,42,60,274.0,1.0,Quarter
4918238,4936158,41,84,274.0,1.0,Quarter
4918238,4936158,41,64,274.0,1.0,Quarter
4918238,4955102,43,48,274.0,2.0,Half
4936158,4955102,41,67,275.0,1.0,Quarter
4936158,4955102,42,58,275.0,1.0,Quarter
4936158,4955102,41,88,275.0,1.0,Quarter
4955102,4973022,41,89,276.0,1.0,Quarter
4955102,4973022,41,65,276.0,1.0,Quarter
4955102,4973022,42,57,276.0,1.0,Quarter
4955102,4973022,43,50,276.0,1.0,Quarter
4973022,4981214,41,65,277.0,0.5,Eighth
4973022,4977630,41,77,277.0,0.25,Sixteenth
4973022,4981214,42,55,277.0,0.5,Eighth
4973022,4981214,43,46,277.0,0.5,Eighth
4977630,4981214,41,86,277.25,0.25,Sixteenth
4990942,4995550,41,74,278.0,0.25,Sixteenth
4995550,5000158,41,82,278.25,0.25,Sixteenth
5010398,5015518,41,70,279.0,0.25,Sixteenth
5010398,5015518,41,64,279.0,0.25,Sixteenth
5010398,5021150,43,48,279.0,0.5,Eighth
5010398,5015518,42,60,279.0,0.25,Sixteenth
5015518,5021150,41,79,279.25,0.25,Sixteenth
5030366,5035998,41,69,280.0,0.25,Sixteenth
5030366,5040606,41,65,280.0,0.5,Eighth
5030366,5040606,42,60,280.0,0.5,Eighth
5030366,5040606,43,41,280.0,0.5,Eighth
5035998,5040606,41,77,280.25,0.25,Sixteenth
5049822,5059550,43,53,281.0,0.5,Eighth
5069278,5084638,42,65,282.0,0.8,Dotted Eighth
5069278,5084638,41,69,282.0,0.8,Dotted Eighth
5088222,5098974,41,70,283.0,0.5,Eighth
5088222,5098974,42,67,283.0,0.5,Eighth
5098974,5108702,41,72,283.5,0.5,Eighth
5098974,5108702,42,69,283.5,0.5,Eighth
5108702,5113310,41,84,284.0,0.25,Sixteenth
5108702,5118430,41,74,284.0,0.5,Eighth
5108702,5118430,42,70,284.0,0.5,Eighth
5118430,5120990,42,69,284.5,0.25,Sixteenth
5118430,5120990,41,72,284.5,0.25,Sixteenth
5124574,5128670,41,84,285.0,0.25,Sixteenth
5124574,5128670,41,70,285.0,0.25,Sixteenth
5124574,5128670,42,67,285.0,0.25,Sixteenth
5133790,5137374,41,69,285.5,0.25,Sixteenth
5133790,5137374,42,65,285.5,0.25,Sixteenth
5141982,5145566,41,84,286.0,0.25,Sixteenth
5141982,5145566,41,67,286.0,0.25,Sixteenth
5141982,5145566,42,64,286.0,0.25,Sixteenth
5149662,5154270,41,69,286.5,0.25,Sixteenth
5149662,5154270,42,65,286.5,0.25,Sixteenth
5158878,5163486,41,84,287.0,0.25,Sixteenth
5158878,5163486,41,70,287.0,0.25,Sixteenth
5158878,5163486,42,67,287.0,0.25,Sixteenth
5168094,5173214,41,69,287.5,0.25,Sixteenth
5168094,5173214,42,65,287.5,0.25,Sixteenth
5177822,5180382,41,84,288.0,0.25,Sixteenth
5177822,5180382,41,67,288.0,0.25,Sixteenth
5177822,5180382,42,64,288.0,0.25,Sixteenth
5181406,5186014,41,65,288.5,0.25,Sixteenth
5181406,5186014,42,62,288.5,0.25,Sixteenth
5191134,5195230,43,48,289.0,0.25,Sixteenth
5191134,5209054,41,84,289.0,1.0,Quarter
5191134,5209054,41,64,289.0,1.0,Quarter
5191134,5209054,42,60,289.0,1.0,Quarter
5209054,5227486,41,76,290.0,1.0,Quarter
5209054,5227486,41,67,290.0,1.0,Quarter
5209054,5227486,42,58,290.0,1.0,Quarter
5227486,5232094,43,53,291.0,0.25,Sixteenth
5227486,5245918,41,77,291.0,1.0,Quarter
5227486,5245918,41,65,291.0,1.0,Quarter
5227486,5245918,42,57,291.0,1.0,Quarter
5245918,5251038,41,76,292.0,0.25,Sixteenth
5245918,5251038,41,64,292.0,0.25,Sixteenth
5245918,5251038,42,60,292.0,0.25,Sixteenth
5245918,5251038,43,48,292.0,0.25,Sixteenth
5251038,5255646,41,79,292.25,0.25,Sixteenth
5265374,5270494,42,62,293.0,0.25,Sixteenth
5265374,5270494,41,77,293.0,0.25,Sixteenth
5265374,5270494,43,41,293.0,0.25,Sixteenth
5265374,5270494,41,72,293.0,0.25,Sixteenth
5270494,5275102,41,81,293.25,0.25,Sixteenth
5284318,5289950,41,74,294.0,0.25,Sixteenth
5284318,5289950,41,77,294.0,0.25,Sixteenth
5284318,5289950,42,67,294.0,0.25,Sixteenth
5284318,5289950,43,43,294.0,0.25,Sixteenth
5289950,5294558,41,83,294.25,0.25,Sixteenth
5303774,5308382,41,76,295.0,0.25,Sixteenth
5303774,5308382,43,36,295.0,0.25,Sixteenth
5303774,5313502,42,67,295.0,0.5,Eighth
5308382,5313502,41,84,295.25,0.25,Sixteenth
5322206,5331934,43,48,296.0,0.25,Sixteenth
5347806,5367262,42,65,297.0,1.0,Quarter
5347806,5367262,41,69,297.0,1.0,Quarter
5367262,5376478,41,70,298.0,0.5,Eighth
5367262,5376478,42,67,298.0,0.5,Eighth
5376478,5386206,41,72,298.5,0.5,Eighth
5376478,5386206,42,69,298.5,0.5,Eighth
5386206,5389278,41,84,299.0,0.25,Sixteenth
5386206,5393374,41,74,299.0,0.5,Eighth
5386206,5393374,42,70,299.0,0.5,Eighth
5393374,5397470,41,72,299.5,0.25,Sixteenth
5393374,5397470,42,69,299.5,0.25,Sixteenth
5402590,5407198,41,84,300.0,0.25,Sixteenth
5402590,5407198,41,70,300.0,0.25,Sixteenth
5402590,5407198,42,67,300.0,0.25,Sixteenth
5410782,5414878,41,69,300.5,0.25,Sixteenth
5410782,5414878,42,65,300.5,0.25,Sixteenth
5419998,5423582,41,84,301.0,0.25,Sixteenth
5419998,5423582,41,67,301.0,0.25,Sixteenth
5419998,5423582,42,64,301.0,0.25,Sixteenth
5427678,5431774,41,69,301.5,0.25,Sixteenth
5427678,5431774,42,65,301.5,0.25,Sixteenth
5436894,5441502,41,84,302.0,0.25,Sixteenth
5436894,5441502,41,70,302.0,0.25,Sixteenth
5436894,5441502,42,67,302.0,0.25,Sixteenth
5445086,5449182,42,65,302.5,0.25,Sixteenth
5445086,5449182,41,69,302.5,0.25,Sixteenth
5454302,5456350,41,84,303.0,0.25,Sixteenth
5454302,5456350,42,64,303.0,0.25,Sixteenth
5454302,5456350,41,67,303.0,0.25,Sixteenth
5457374,5461982,42,62,303.5,0.25,Sixteenth
5457374,5461982,41,65,303.5,0.25,Sixteenth
5466590,5505502,43,48,304.0,2.0,Half
5466590,5485534,41,84,304.0,1.0,Quarter
5466590,5485534,41,64,304.0,1.0,Quarter
5466590,5485534,42,60,304.0,1.0,Quarter
5485534,5505502,41,67,305.0,1.0,Quarter
5485534,5505502,42,58,305.0,1.0,Quarter
5485534,5505502,41,88,305.0,1.0,Quarter
5505502,5524446,43,50,306.0,1.0,Quarter
5505502,5524446,41,89,306.0,1.0,Quarter
5505502,5524446,41,65,306.0,1.0,Quarter
5505502,5524446,42,57,306.0,1.0,Quarter
5524446,5534174,42,55,307.0,0.5,Eighth
5524446,5529054,41,77,307.0,0.25,Sixteenth
5524446,5534174,41,65,307.0,0.5,Eighth
5524446,5534174,43,46,307.0,0.5,Eighth
5529054,5534174,41,86,307.25,0.25,Sixteenth
5542878,5547486,41,74,308.0,0.25,Sixteenth
5547486,5552606,41,82,308.25,0.25,Sixteenth
5561822,5566430,41,64,309.0,0.25,Sixteenth
5561822,5566430,41,70,309.0,0.25,Sixteenth
5561822,5566430,42,60,309.0,0.25,Sixteenth
5561822,5571038,43,48,309.0,0.5,Eighth
5566430,5571038,41,79,309.25,0.25,Sixteenth
5581790,5591006,42,60,310.0,0.5,Eighth
5581790,5586398,41,69,310.0,0.25,Sixteenth
5581790,5591006,43,41,310.0,0.5,Eighth
5581790,5591006,41,65,310.0,0.5,Eighth
5586398,5591006,41,77,310.25,0.25,Sixteenth
5600734,5610974,43,53,311.0,0.5,Eighth
5620702,5630430,42,58,312.0,0.5,Eighth
5620702,5640158,41,82,312.0,1.0,Dotted Half
5620702,5630430,41,62,312.0,0.5,Eighth
5620702,5640158,43,41,312.0,1.0,Dotted Half
5630430,5640158,42,62,312.5,0.5,Dotted Quarter
5630430,5640158,41,65,312.5,0.5,Dotted Quarter
5640158,5648861,41,63,313.0,0.5,Eighth
5640158,5648861,42,60,313.0,0.5,Eighth
5640158,5677022,41,81,313.0,2.0,Half
5640158,5802462,43,41,313.0,9.0,Unknown
5648861,5658590,42,58,313.5,0.5,Eighth
5648861,5658590,41,62,313.5,0.5,Eighth
5658590,5667806,41,63,314.0,0.5,Eighth
5658590,5667806,42,60,314.0,0.5,Eighth
5667806,5677022,41,60,314.5,0.5,Eighth
5667806,5677022,42,53,314.5,0.5,Eighth
5677022,5695966,41,82,315.0,1.0,Quarter
5677022,5682142,42,58,315.0,0.25,Sixteenth
5677022,5682142,41,62,315.0,0.25,Sixteenth
5686750,5691358,41,65,315.5,0.25,Sixteenth
5686750,5691358,42,62,315.5,0.25,Sixteenth
5695966,5705181,41,81,316.0,0.5,Eighth
5695966,5705181,41,63,316.0,0.5,Eighth
5695966,5705181,42,60,316.0,0.5,Eighth
5705181,5713374,41,79,316.5,0.5,Eighth
5705181,5713374,41,62,316.5,0.5,Eighth
5705181,5713374,42,58,316.5,0.5,Eighth
5713374,5723101,41,63,317.0,0.5,Eighth
5713374,5723101,42,60,317.0,0.5,Eighth
5713374,5723101,41,81,317.0,0.5,Eighth
5723101,5727709,41,77,317.5,0.25,Sixteenth
5723101,5732317,41,60,317.5,0.5,Eighth
5723101,5732317,42,57,317.5,0.5,Eighth
5732317,5736414,41,86,318.0,0.25,Sixteenth
5732317,5736414,41,62,318.0,0.25,Sixteenth
5732317,5736414,42,58,318.0,0.25,Sixteenth
5741534,5746142,41,82,318.5,0.25,Sixteenth
5741534,5746142,42,62,318.5,0.25,Sixteenth
5741534,5746142,41,65,318.5,0.25,Sixteenth
5750750,5758430,41,63,319.0,0.5,Eighth
5750750,5758430,42,60,319.0,0.5,Eighth
5750750,5784542,41,81,319.0,2.0,Half
5758430,5766622,41,62,319.5,0.5,Eighth
5758430,5766622,42,58,319.5,0.5,Eighth
5766622,5775326,41,63,320.0,0.5,Eighth
5766622,5775326,42,60,320.0,0.5,Eighth
5775326,5784542,41,60,320.5,0.5,Eighth
5775326,5784542,42,53,320.5,0.5,Eighth
5784542,5802462,41,82,321.0,1.0,Quarter
5784542,5789150,41,62,321.0,0.25,Sixteenth
5784542,5789150,42,58,321.0,0.25,Sixteenth
5793246,5798366,41,65,321.5,0.25,Sixteenth
5793246,5798366,42,62,321.5,0.25,Sixteenth
5802462,5810142,41,81,322.0,0.5,Eighth
5802462,5810142,41,63,322.0,0.5,Eighth
5802462,5810142,42,60,322.0,0.5,Eighth
5810142,5817310,42,58,322.5,0.5,Eighth
5810142,5817310,41,79,322.5,0.5,Eighth
5810142,5817310,41,62,322.5,0.5,Eighth
5817310,5825502,41,63,323.0,0.5,Eighth
5817310,5825502,42,60,323.0,0.5,Eighth
5817310,5833693,43,53,323.0,1.0,Quarter
5817310,5825502,41,81,323.0,0.5,Eighth
5825502,5829085,41,77,323.5,0.25,Sixteenth
5825502,5833693,41,60,323.5,0.5,Eighth
5825502,5833693,42,57,323.5,0.5,Eighth
5833693,5852638,43,46,324.0,1.0,Quarter
5833693,5838301,41,86,324.0,0.25,Sixteenth
5833693,5838301,41,62,324.0,0.25,Sixteenth
5833693,5838301,42,58,324.0,0.25,Sixteenth
5842910,5847518,41,65,324.5,0.25,Sixteenth
5842910,5847518,42,62,324.5,0.25,Sixteenth
5842910,5847518,41,82,324.5,0.25,Sixteenth
5852638,5860318,41,78,325.0,0.5,Eighth
5852638,5860318,41,60,325.0,0.5,Eighth
5852638,5860318,42,57,325.0,0.5,Eighth
5860318,5869022,42,55,325.5,0.5,Eighth
5860318,5869022,41,76,325.5,0.5,Eighth
5860318,5869022,41,58,325.5,0.5,Eighth
5869022,5877726,41,60,326.0,0.5,Eighth
5869022,5877726,42,57,326.0,0.5,Eighth
5869022,5886430,43,50,326.0,1.0,Quarter
5869022,5877726,41,78,326.0,0.5,Eighth
5877726,5881822,41,74,326.5,0.25,Sixteenth
5877726,5886430,41,57,326.5,0.5,Eighth
5877726,5886430,42,54,326.5,0.5,Eighth
5886430,5891038,42,55,327.0,0.25,Sixteenth
5886430,5891038,41,82,327.0,0.25,Sixteenth
5886430,5891038,41,58,327.0,0.25,Sixteenth
5886430,5904862,43,43,327.0,1.0,Quarter
5895646,5900766,41,62,327.5,0.25,Sixteenth
5895646,5900766,42,58,327.5,0.25,Sixteenth
5895646,5900766,41,79,327.5,0.25,Sixteenth
5904862,5912030,41,58,328.0,0.5,Eighth
5904862,5912030,42,55,328.0,0.5,Eighth
5904862,5912030,41,76,328.0,0.5,Eighth
5912030,5919197,41,74,328.5,0.5,Eighth
5912030,5919197,41,57,328.5,0.5,Eighth
5912030,5919197,42,53,328.5,0.5,Eighth
5919197,5937630,43,48,329.0,1.0,Quarter
5919197,5928926,41,76,329.0,0.5,Eighth
5919197,5928926,41,58,329.0,0.5,Eighth
5919197,5928926,42,55,329.0,0.5,Eighth
5928926,5937630,41,55,329.5,0.5,Eighth
5928926,5937630,42,52,329.5,0.5,Eighth
5928926,5937630,41,72,329.5,0.5,Eighth
5937630,5942238,41,57,330.0,0.25,Sixteenth
5937630,5942238,42,53,330.0,0.25,Sixteenth
5937630,5945310,41,81,330.0,0.5,Eighth
5937630,5952990,43,41,330.0,1.0,Quarter
5945310,5948382,42,57,330.5,0.25,Sixteenth
5945310,5952990,41,77,330.5,0.5,Eighth
5945310,5948382,41,60,330.5,0.25,Sixteenth
5952990,5971934,41,62,331.0,1.0,Quarter
5952990,5957597,41,78,331.0,0.25,Sixteenth
5952990,5971934,42,58,331.0,1.0,Quarter
5952990,5971934,43,46,331.0,1.0,Quarter
5957597,5963230,41,79,331.25,0.25,Sixteenth
5971934,5976542,41,81,332.0,0.25,Sixteenth
5976542,5981150,41,82,332.25,0.25,Sixteenth
5990878,5997022,41,85,333.0,0.25,Sixteenth
5990878,6002142,41,65,333.0,0.5,Eighth
5990878,6002142,42,56,333.0,0.5,Eighth
5990878,6013406,43,47,333.0,1.0,Quarter
5997022,6002142,41,86,333.25,0.25,Sixteenth
6002142,6013406,42,53,333.5,0.5,Eighth
6013406,6033374,42,60,334.0,1.0,Quarter
6013406,6033374,41,77,334.0,1.0,Quarter
6013406,6033374,41,69,334.0,1.0,Quarter
6013406,6055390,43,48,334.0,2.0,Half
6033374,6046686,41,67,335.0,0.7,Dotted Eighth
6033374,6046686,41,76,335.0,0.7,Dotted Eighth
6055390,6074334,41,69,336.0,1.0,Quarter
6055390,6074334,42,65,336.0,1.0,Quarter
6074334,6084574,41,70,337.0,0.5,Eighth
6074334,6084574,42,67,337.0,0.5,Eighth
6084574,6094814,41,72,337.5,0.5,Eighth
6084574,6094814,42,69,337.5,0.5,Eighth
6094814,6099422,41,84,338.0,0.25,Sixteenth
6094814,6104030,41,74,338.0,0.5,Eighth
6094814,6104030,42,70,338.0,0.5,Eighth
6104030,6108126,41,72,338.5,0.25,Sixteenth
6104030,6108126,42,69,338.5,0.25,Sixteenth
6112734,6117853,42,67,339.0,0.25,Sixteenth
6112734,6117853,41,84,339.0,0.25,Sixteenth
6112734,6117853,41,70,339.0,0.25,Sixteenth
6122462,6127070,41,69,339.5,0.25,Sixteenth
6122462,6127070,42,65,339.5,0.25,Sixteenth
6131678,6136286,41,67,340.0,0.25,Sixteenth
6131678,6136286,41,84,340.0,0.25,Sixteenth
6131678,6136286,42,64,340.0,0.25,Sixteenth
6140894,6144990,41,69,340.5,0.25,Sixteenth
6140894,6144990,42,65,340.5,0.25,Sixteenth
6149598,6152158,41,84,341.0,0.25,Sixteenth
6149598,6152158,41,70,341.0,0.25,Sixteenth
6149598,6152158,42,67,341.0,0.25,Sixteenth
6157278,6161886,41,69,341.5,0.25,Sixteenth
6157278,6161886,42,65,341.5,0.25,Sixteenth
6165982,6170590,41,84,342.0,0.25,Sixteenth
6165982,6170590,41,67,342.0,0.25,Sixteenth
6165982,6170590,42,64,342.0,0.25,Sixteenth
6174686,6179294,42,62,342.5,0.25,Sixteenth
6174686,6179294,41,65,342.5,0.25,Sixteenth
6183902,6201310,41,84,343.0,1.0,Quarter
6183902,6201310,42,60,343.0,1.0,Quarter
6183902,6220254,43,48,343.0,2.0,Half
6183902,6201310,41,64,343.0,1.0,Quarter
6201310,6220254,41,76,344.0,1.0,Quarter
6201310,6220254,41,70,344.0,1.0,Quarter
6201310,6220254,42,67,344.0,1.0,Quarter
6220254,6238686,41,69,345.0,1.0,Quarter
6220254,6238686,41,77,345.0,1.0,Quarter
6220254,6238686,42,65,345.0,1.0,Quarter
6220254,6238686,43,53,345.0,1.0,Quarter
6238686,6241757,41,76,346.0,0.25,Sixteenth
6238686,6241757,41,67,346.0,0.25,Sixteenth
6238686,6241757,42,64,346.0,0.25,Sixteenth
6238686,6246366,43,60,346.0,0.5,Eighth
6241757,6246366,41,79,346.25,0.25,Sixteenth
6256094,6265310,43,53,347.0,0.5,Eighth
6256094,6260702,41,77,347.0,0.25,Sixteenth
6256094,6260702,41,62,347.0,0.25,Sixteenth
6256094,6260702,42,60,347.0,0.25,Sixteenth
6260702,6265310,41,81,347.25,0.25,Sixteenth
6275038,6279646,41,77,348.0,0.25,Sixteenth
6275038,6279646,42,67,348.0,0.25,Sixteenth
6275038,6279646,41,74,348.0,0.25,Sixteenth
6275038,6284254,43,55,348.0,0.5,Eighth
6279646,6284254,41,83,348.25,0.25,Sixteenth
6294494,6303710,43,48,349.0,0.5,Eighth
6294494,6299102,41,76,349.0,0.25,Sixteenth
6294494,6299102,42,67,349.0,0.25,Sixteenth
6299102,6303710,41,84,349.25,0.25,Sixteenth
6312926,6318046,42,60,350.0,0.25,Sixteenth
6331869,6350814,41,81,351.0,1.0,Quarter
6331869,6350814,43,65,351.0,1.0,Quarter
6350814,6360542,41,82,352.0,0.5,Eighth
6350814,6360542,43,67,352.0,0.5,Eighth
6360542,6369758,41,84,352.5,0.5,Eighth
6360542,6369758,43,69,352.5,0.5,Eighth
6369758,6377438,41,86,353.0,0.5,Eighth
6369758,6371806,42,72,353.0,0.25,Sixteenth
6369758,6377438,43,70,353.0,0.5,Eighth
6377438,6382046,41,84,353.5,0.25,Sixteenth
6377438,6382046,43,69,353.5,0.25,Sixteenth
6386654,6391262,41,82,354.0,0.25,Sixteenth
6386654,6391262,42,72,354.0,0.25,Sixteenth
6386654,6391262,43,67,354.0,0.25,Sixteenth
6395870,6400478,41,81,354.5,0.25,Sixteenth
6395870,6400478,43,65,354.5,0.25,Sixteenth
6404061,6408670,41,79,355.0,0.25,Sixteenth
6404061,6408670,42,72,355.0,0.25,Sixteenth
6404061,6408670,43,64,355.0,0.25,Sixteenth
6412766,6417374,41,81,355.5,0.25,Sixteenth
6412766,6417374,43,65,355.5,0.25,Sixteenth
6420446,6424542,41,82,356.0,0.25,Sixteenth
6420446,6424542,42,72,356.0,0.25,Sixteenth
6420446,6424542,43,67,356.0,0.25,Sixteenth
6429150,6433758,41,81,356.5,0.25,Sixteenth
6429150,6433758,43,65,356.5,0.25,Sixteenth
6438366,6442974,41,79,357.0,0.25,Sixteenth
6438366,6442974,42,72,357.0,0.25,Sixteenth
6438366,6442974,43,64,357.0,0.25,Sixteenth
6447582,6452190,41,77,357.5,0.25,Sixteenth
6447582,6452190,43,62,357.5,0.25,Sixteenth
6456798,6461406,41,76,358.0,0.25,Sixteenth
6456798,6461406,43,60,358.0,0.25,Sixteenth
6456798,6475742,42,72,358.0,1.0,Quarter
6466014,6470622,43,58,358.5,0.25,Sixteenth
6466014,6470622,41,74,358.5,0.25,Sixteenth
6475742,6491102,42,76,359.0,1.0,Quarter
6475742,6478301,41,72,359.0,0.25,Sixteenth
6475742,6478301,43,57,359.0,0.25,Sixteenth
6481886,6486494,41,70,359.5,0.25,Sixteenth
6481886,6486494,43,55,359.5,0.25,Sixteenth
6491102,6507486,41,69,360.0,1.0,Quarter
6491102,6507486,42,77,360.0,1.0,Quarter
6491102,6507486,43,53,360.0,1.0,Quarter
6507486,6511582,42,65,361.0,0.25,Sixteenth
6507486,6522846,43,46,361.0,1.0,Quarter
6511582,6515678,42,74,361.25,0.25,Sixteenth
6522846,6527965,42,62,362.0,0.25,Sixteenth
6527965,6532573,42,70,362.25,0.25,Sixteenth
6541790,6546910,42,58,363.0,0.25,Sixteenth
6546910,6551518,42,67,363.25,0.25,Sixteenth
6560734,6579678,43,48,364.0,1.0,Quarter
6560734,6565854,42,57,364.0,0.25,Sixteenth
6565854,6570462,42,64,364.25,0.25,Sixteenth
6579678,6584285,42,52,365.0,0.25,Sixteenth
6584285,6589406,42,60,365.25,0.25,Sixteenth
6598622,6617054,41,65,366.0,1.0,Quarter
6598622,6603230,43,57,366.0,0.25,Sixteenth
6603230,6608350,43,65,366.25,0.25,Sixteenth
6617054,6621662,43,53,367.0,0.25,Sixteenth
6617054,6634462,41,65,367.0,1.0,Quarter
6621662,6626270,43,62,367.25,0.25,Sixteenth
6634462,6639070,43,50,368.0,0.25,Sixteenth
6634462,6652382,42,65,368.0,1.0,Quarter
6634462,6652382,41,70,368.0,1.0,Quarter
6639070,6643166,43,58,368.25,0.25,Sixteenth
6652382,6672349,41,74,369.0,1.0,Quarter
6652382,6656990,43,46,369.0,0.25,Sixteenth
6652382,6672349,42,58,369.0,1.0,Quarter
6656990,6662622,43,55,369.25,0.25,Sixteenth
6672349,6676958,43,43,370.0,0.25,Sixteenth
6672349,6706654,42,70,370.0,2.0,Half
6672349,6723038,41,72,370.0,3.0,Dotted Half
6676958,6681566,43,52,370.25,0.25,Sixteenth
6689246,6693854,43,40,371.0,0.25,Sixteenth
6693854,6697950,43,48,371.25,0.25,Sixteenth
6706654,6714846,43,41,372.0,0.5,Eighth
6706654,6710238,41,81,372.0,0.25,Sixteenth
6706654,6723038,42,69,372.0,1.0,Quarter
6710238,6714846,41,89,372.25,0.25,Sixteenth
6723038,6731230,42,65,373.0,0.5,Eighth
6723038,6726622,41,77,373.0,0.25,Sixteenth
6723038,6731230,41,67,373.0,0.5,Eighth
6723038,6731230,43,46,373.0,0.5,Eighth
6726622,6731230,41,86,373.25,0.25,Sixteenth
6740446,6744030,41,74,374.0,0.25,Sixteenth
6744030,6748638,41,82,374.25,0.25,Sixteenth
6757342,6761950,41,70,375.0,0.25,Sixteenth
6761950,6766558,41,79,375.25,0.25,Sixteenth
6775774,6779870,41,67,376.0,0.25,Sixteenth
6775774,6784478,41,58,376.0,0.5,Eighth
6775774,6784478,42,55,376.0,0.5,Eighth
6775774,6784478,43,48,376.0,0.5,Eighth
6779870,6784478,41,76,376.25,0.25,Sixteenth
6793694,6797790,41,76,377.0,0.25,Sixteenth
6797790,6802909,41,84,377.25,0.25,Sixteenth
6812125,6816734,41,70,378.0,0.25,Sixteenth
6812125,6816734,41,67,378.0,0.25,Sixteenth
6812125,6816734,42,60,378.0,0.25,Sixteenth
6812125,6816734,43,36,378.0,0.25,Sixteenth
6816734,6821854,41,76,378.25,0.25,Sixteenth
6831070,6838750,41,69,379.0,0.25,Sixteenth
6831070,6838750,43,41,379.0,0.25,Sixteenth
6831070,6843358,42,60,379.0,0.5,Eighth
6831070,6843358,41,65,379.0,0.5,Eighth
6838750,6843358,41,77,379.25,0.25,Sixteenth
6853086,6857694,43,53,380.0,0.25,Sixteenth
6872030,6881246,42,58,381.0,0.5,Eighth
6872030,6890973,41,82,381.0,1.0,Dotted Half
6872030,6890973,43,41,381.0,1.0,Dotted Half
6872030,6881246,41,62,381.0,0.5,Eighth
6881246,6890973,42,62,381.5,0.5,Dotted Quarter
6881246,6890973,41,65,381.5,0.5,Dotted Quarter
6890973,6900190,42,60,382.0,0.5,Eighth
6890973,6927326,41,81,382.0,2.0,Half
6890973,6900190,41,63,382.0,0.5,Eighth
6890973,7049694,43,41,382.0,9.0,Unknown
6900190,6909406,41,62,382.5,0.5,Eighth
6900190,6909406,42,58,382.5,0.5,Eighth
6909406,6917598,42,60,383.0,0.5,Eighth
6909406,6917598,41,63,383.0,0.5,Eighth
6917598,6927326,41,60,383.5,0.5,Eighth
6917598,6927326,42,53,383.5,0.5,Eighth
6927326,6945246,41,82,384.0,1.0,Quarter
6927326,6931934,41,62,384.0,0.25,Sixteenth
6927326,6931934,42,58,384.0,0.25,Sixteenth
6936542,6940637,41,65,384.5,0.25,Sixteenth
6936542,6940637,42,62,384.5,0.25,Sixteenth
6945246,6954974,42,60,385.0,0.5,Eighth
6945246,6954974,41,81,385.0,0.5,Eighth
6945246,6954974,41,63,385.0,0.5,Eighth
6954974,6964190,41,62,385.5,0.5,Eighth
6954974,6964190,42,58,385.5,0.5,Eighth
6954974,6964190,41,79,385.5,0.5,Eighth
6964190,6972894,41,81,386.0,0.5,Eighth
6964190,6972894,41,63,386.0,0.5,Eighth
6964190,6972894,42,60,386.0,0.5,Eighth
6972894,6976990,41,77,386.5,0.25,Sixteenth
6972894,6981598,41,60,386.5,0.5,Eighth
6972894,6981598,42,57,386.5,0.5,Eighth
6981598,6986718,42,58,387.0,0.25,Sixteenth
6981598,6986718,41,86,387.0,0.25,Sixteenth
6981598,6986718,41,62,387.0,0.25,Sixteenth
6990814,6995422,41,65,387.5,0.25,Sixteenth
6990814,6995422,42,62,387.5,0.25,Sixteenth
6990814,6995422,41,82,387.5,0.25,Sixteenth
7000030,7009246,42,60,388.0,0.5,Eighth
7000030,7036382,41,81,388.0,2.0,Half
7000030,7009246,41,63,388.0,0.5,Eighth
7009246,7018462,42,58,388.5,0.5,Eighth
7009246,7018462,41,62,388.5,0.5,Eighth
7018462,7027166,41,63,389.0,0.5,Eighth
7018462,7027166,42,60,389.0,0.5,Eighth
7027166,7036382,41,60,389.5,0.5,Eighth
7027166,7036382,42,53,389.5,0.5,Eighth
7036382,7049694,41,82,390.0,1.0,Quarter
7036382,7040990,42,58,390.0,0.25,Sixteenth
7036382,7040990,41,62,390.0,0.25,Sixteenth
7045598,7049694,41,65,390.5,0.25,Sixteenth
7045598,7049694,42,62,390.5,0.25,Sixteenth
7049694,7056350,41,81,391.0,0.5,Eighth
7049694,7056350,41,63,391.0,0.5,Eighth
7049694,7056350,42,60,391.0,0.5,Eighth
7056350,7066078,42,58,391.5,0.5,Eighth
7056350,7066078,41,79,391.5,0.5,Eighth
7056350,7066078,41,62,391.5,0.5,Eighth
7066078,7074270,42,60,392.0,0.5,Eighth
7066078,7074270,41,81,392.0,0.5,Eighth
7066078,7083486,43,53,392.0,1.0,Quarter
7066078,7074270,41,63,392.0,0.5,Eighth
7074270,7083486,41,60,392.5,0.5,Eighth
7074270,7078878,41,77,392.5,0.25,Sixteenth
7074270,7083486,42,57,392.5,0.5,Eighth
7083486,7088094,41,86,393.0,0.25,Sixteenth
7083486,7088094,41,62,393.0,0.25,Sixteenth
7083486,7088094,42,58,393.0,0.25,Sixteenth
7083486,7101406,43,46,393.0,1.0,Quarter
7092702,7096286,41,82,393.5,0.25,Sixteenth
7092702,7096286,41,65,393.5,0.25,Sixteenth
7092702,7096286,42,62,393.5,0.25,Sixteenth
7101406,7109086,42,57,394.0,0.5,Eighth
7101406,7109086,41,60,394.0,0.5,Eighth
7101406,7109086,41,78,394.0,0.5,Eighth
7109086,7117790,42,55,394.5,0.5,Eighth
7109086,7117790,41,76,394.5,0.5,Eighth
7109086,7117790,41,58,394.5,0.5,Eighth
7117790,7124958,42,57,395.0,0.5,Eighth
7117790,7124958,41,78,395.0,0.5,Eighth
7117790,7133662,43,50,395.0,1.0,Quarter
7117790,7124958,41,60,395.0,0.5,Eighth
7124958,7133662,41,57,395.5,0.5,Eighth
7124958,7129566,41,74,395.5,0.25,Sixteenth
7124958,7133662,42,54,395.5,0.5,Eighth
7133662,7138270,41,82,396.0,0.25,Sixteenth
7133662,7138270,41,58,396.0,0.25,Sixteenth
7133662,7138270,42,55,396.0,0.25,Sixteenth
7133662,7149534,43,43,396.0,1.0,Quarter
7141342,7145950,41,79,396.5,0.25,Sixteenth
7141342,7145950,41,62,396.5,0.25,Sixteenth
7141342,7145950,42,58,396.5,0.25,Sixteenth
7149534,7159261,41,58,397.0,0.5,Eighth
7149534,7159261,42,55,397.0,0.5,Eighth
7149534,7159261,41,76,397.0,0.5,Eighth
7159261,7167454,41,74,397.5,0.5,Eighth
7159261,7167454,41,57,397.5,0.5,Eighth
7159261,7167454,42,53,397.5,0.5,Eighth
7167454,7185374,43,48,398.0,1.0,Quarter
7167454,7176158,41,76,398.0,0.5,Eighth
7167454,7176158,41,58,398.0,0.5,Eighth
7167454,7176158,42,55,398.0,0.5,Eighth
7176158,7185374,41,55,398.5,0.5,Eighth
7176158,7185374,42,52,398.5,0.5,Eighth
7176158,7185374,41,72,398.5,0.5,Eighth
7185374,7195102,41,81,399.0,0.5,Eighth
7185374,7189982,41,57,399.0,0.25,Sixteenth
7185374,7189982,42,53,399.0,0.25,Sixteenth
7185374,7204317,43,41,399.0,1.0,Quarter
7195102,7199709,42,57,399.5,0.25,Sixteenth
7195102,7204317,41,77,399.5,0.5,Eighth
7195102,7199709,41,60,399.5,0.25,Sixteenth
7204317,7221726,41,62,400.0,1.0,Quarter
7204317,7208925,41,78,400.0,0.25,Sixteenth
7204317,7221726,42,58,400.0,1.0,Quarter
7204317,7221726,43,46,400.0,1.0,Quarter
7208925,7213022,41,79,400.25,0.25,Sixteenth
7221726,7226334,41,81,401.0,0.25,Sixteenth
7226334,7230942,41,82,401.25,0.25,Sixteenth
7240158,7244765,41,85,402.0,0.25,Sixteenth
7240158,7249886,41,65,402.0,0.5,Eighth
7240158,7249886,42,56,402.0,0.5,Eighth
7240158,7260126,43,47,402.0,1.0,Quarter
7244765,7249886,41,86,402.25,0.25,Sixteenth
7249886,7260126,42,53,402.5,0.5,Eighth
7260126,7280094,42,60,403.0,1.0,Quarter
7260126,7280094,41,77,403.0,1.0,Quarter
7260126,7280094,41,69,403.0,1.0,Quarter
7260126,7301598,43,48,403.0,2.0,Half
7280094,7295966,41,67,404.0,0.7,Dotted Eighth
7280094,7295966,41,76,404.0,0.7,Dotted Eighth
7301598,7321054,41,69,405.0,1.0,Quarter
7301598,7321054,42,65,405.0,1.0,Quarter
7321054,7332829,41,70,406.0,0.5,Eighth
7321054,7332829,42,67,406.0,0.5,Eighth
7332829,7342558,41,72,406.5,0.5,Eighth
7332829,7342558,42,69,406.5,0.5,Eighth
7342558,7347166,41,84,407.0,0.25,Sixteenth
7342558,7351774,41,74,407.0,0.5,Eighth
7342558,7351774,42,70,407.0,0.5,Eighth
7351774,7356382,41,72,407.5,0.25,Sixteenth
7351774,7356382,42,69,407.5,0.25,Sixteenth
7360990,7365086,41,70,408.0,0.25,Sixteenth
7360990,7365086,41,84,408.0,0.25,Sixteenth
7360990,7365086,42,67,408.0,0.25,Sixteenth
7369694,7374302,42,65,408.5,0.25,Sixteenth
7369694,7374302,41,69,408.5,0.25,Sixteenth
7378910,7383518,42,64,409.0,0.25,Sixteenth
7378910,7383518,41,67,409.0,0.25,Sixteenth
7378910,7383518,41,84,409.0,0.25,Sixteenth
7388126,7392734,41,69,409.5,0.25,Sixteenth
7388126,7392734,42,65,409.5,0.25,Sixteenth
7396830,7400926,41,84,410.0,0.25,Sixteenth
7396830,7400926,41,70,410.0,0.25,Sixteenth
7396830,7400926,42,67,410.0,0.25,Sixteenth
7403998,7408094,41,69,410.5,0.25,Sixteenth
7403998,7408094,42,65,410.5,0.25,Sixteenth
7412702,7417310,41,84,411.0,0.25,Sixteenth
7412702,7417310,41,67,411.0,0.25,Sixteenth
7412702,7417310,42,64,411.0,0.25,Sixteenth
7420382,7424990,42,62,411.5,0.25,Sixteenth
7420382,7424990,41,65,411.5,0.25,Sixteenth
7429597,7446494,41,84,412.0,1.0,Quarter
7429597,7446494,42,60,412.0,1.0,Quarter
7429597,7465438,43,48,412.0,2.0,Half
7429597,7446494,41,64,412.0,1.0,Quarter
7446494,7465438,41,76,413.0,1.0,Quarter
7446494,7465438,41,70,413.0,1.0,Quarter
7446494,7465438,42,67,413.0,1.0,Quarter
7465438,7485406,41,69,414.0,1.0,Quarter
7465438,7485406,41,77,414.0,1.0,Quarter
7465438,7485406,42,65,414.0,1.0,Quarter
7465438,7485406,43,53,414.0,1.0,Quarter
7485406,7490014,41,76,415.0,0.25,Sixteenth
7485406,7490014,41,67,415.0,0.25,Sixteenth
7485406,7490014,42,64,415.0,0.25,Sixteenth
7485406,7494622,43,60,415.0,0.5,Eighth
7490014,7494622,41,79,415.25,0.25,Sixteenth
7504350,7508958,42,60,416.0,0.25,Sixteenth
7504350,7508958,41,77,416.0,0.25,Sixteenth
7504350,7508958,41,62,416.0,0.25,Sixteenth
7504350,7513566,43,53,416.0,0.5,Eighth
7508958,7513566,41,81,416.25,0.25,Sixteenth
7523294,7527390,41,74,417.0,0.25,Sixteenth
7523294,7527390,41,77,417.0,0.25,Sixteenth
7523294,7527390,42,67,417.0,0.25,Sixteenth
7523294,7531998,43,55,417.0,0.5,Eighth
7527390,7531998,41,83,417.25,0.25,Sixteenth
7541726,7546845,42,67,418.0,0.25,Sixteenth
7541726,7546845,41,76,418.0,0.25,Sixteenth
7541726,7551453,43,48,418.0,0.5,Eighth
7546845,7551453,41,84,418.25,0.25,Sixteenth
7562206,7566814,42,60,419.0,0.25,Sixteenth
7580637,7599070,41,81,420.0,1.0,Quarter
7580637,7599070,43,65,420.0,1.0,Quarter
7599070,7608798,43,67,421.0,0.5,Eighth
7599070,7608798,41,82,421.0,0.5,Eighth
7608798,7617502,41,84,421.5,0.5,Eighth
7608798,7617502,43,69,421.5,0.5,Eighth
7617502,7622110,42,72,422.0,0.25,Sixteenth
7617502,7627742,41,86,422.0,0.5,Eighth
7617502,7627742,43,70,422.0,0.5,Eighth
7627742,7632350,41,84,422.5,0.25,Sixteenth
7627742,7632350,43,69,422.5,0.25,Sixteenth
7636958,7641054,41,82,423.0,0.25,Sixteenth
7636958,7641054,42,72,423.0,0.25,Sixteenth
7636958,7641054,43,67,423.0,0.25,Sixteenth
7645150,7649758,41,81,423.5,0.25,Sixteenth
7645150,7649758,43,65,423.5,0.25,Sixteenth
7654366,7658974,41,79,424.0,0.25,Sixteenth
7654366,7658974,42,72,424.0,0.25,Sixteenth
7654366,7658974,43,64,424.0,0.25,Sixteenth
7663582,7667166,41,81,424.5,0.25,Sixteenth
7663582,7667166,43,65,424.5,0.25,Sixteenth
7671774,7676382,43,67,425.0,0.25,Sixteenth
7671774,7676382,41,82,425.0,0.25,Sixteenth
7671774,7676382,42,72,425.0,0.25,Sixteenth
7680990,7686110,43,65,425.5,0.25,Sixteenth
7680990,7686110,41,81,425.5,0.25,Sixteenth
7690206,7694302,43,64,426.0,0.25,Sixteenth
7690206,7694302,42,72,426.0,0.25,Sixteenth
7690206,7694302,41,79,426.0,0.25,Sixteenth
7698398,7703518,41,77,426.5,0.25,Sixteenth
7698398,7703518,43,62,426.5,0.25,Sixteenth
7708126,7712222,43,60,427.0,0.25,Sixteenth
7708126,7712222,41,76,427.0,0.25,Sixteenth
7708126,7721950,42,72,427.0,1.0,Quarter
7714270,7717342,43,58,427.5,0.25,Sixteenth
7714270,7717342,41,74,427.5,0.25,Sixteenth
7721950,7725534,41,72,428.0,0.25,Sixteenth
7721950,7725534,43,57,428.0,0.25,Sixteenth
7721950,7737822,42,76,428.0,1.0,Quarter
7730142,7734750,43,55,428.5,0.25,Sixteenth
7730142,7734750,41,70,428.5,0.25,Sixteenth
7737822,7755742,42,77,429.0,1.0,Quarter
7737822,7755742,41,69,429.0,1.0,Quarter
7737822,7755742,43,53,429.0,1.0,Quarter
7755742,7760350,42,65,430.0,0.25,Sixteenth
7755742,7773662,43,46,430.0,1.0,Quarter
7760350,7764958,42,74,430.25,0.25,Sixteenth
7773662,7778270,42,62,431.0,0.25,Sixteenth
7778270,7782878,42,70,431.25,0.25,Sixteenth
7792094,7797726,42,58,432.0,0.25,Sixteenth
7797726,7802334,42,67,432.25,0.25,Sixteenth
7811550,7814622,42,57,433.0,0.25,Sixteenth
7811550,7827934,43,48,433.0,1.0,Quarter
7814622,7818718,42,64,433.25,0.25,Sixteenth
7827934,7832542,42,52,434.0,0.25,Sixteenth
7832542,7837150,42,60,434.25,0.25,Sixteenth
7846366,7864286,41,65,435.0,1.0,Quarter
7846366,7850974,43,57,435.0,0.25,Sixteenth
7850974,7856094,43,65,435.25,0.25,Sixteenth
7864286,7868894,43,53,436.0,0.25,Sixteenth
7864286,7883230,41,65,436.0,1.0,Quarter
7868894,7874014,43,62,436.25,0.25,Sixteenth
7883230,7902174,42,65,437.0,1.0,Quarter
7883230,7902174,41,70,437.0,1.0,Quarter
7883230,7887838,43,50,437.0,0.25,Sixteenth
7887838,7892446,43,58,437.25,0.25,Sixteenth
7902174,7906782,43,46,438.0,0.25,Sixteenth
7902174,7921117,41,74,438.0,1.0,Quarter
7902174,7921117,42,58,438.0,1.0,Quarter
7906782,7911390,43,55,438.25,0.25,Sixteenth
7921117,7975902,41,72,439.0,3.0,Dotted Half
7921117,7925725,43,43,439.0,0.25,Sixteenth
7921117,7957982,42,70,439.0,2.0,Half
7925725,7930846,43,52,439.25,0.25,Sixteenth
7939550,7944158,43,40,440.0,0.25,Sixteenth
7944158,7948766,43,48,440.25,0.25,Sixteenth
7957982,7975902,42,69,441.0,1.0,Quarter
7957982,7962590,41,81,441.0,0.25,Sixteenth
7957982,7967198,43,41,441.0,0.5,Eighth
7962590,7967198,41,89,441.25,0.25,Sixteenth
7975902,7979998,41,77,442.0,0.25,Sixteenth
7975902,7984094,41,67,442.0,0.5,Eighth
7975902,7984094,42,65,442.0,0.5,Eighth
7975902,7984094,43,46,442.0,0.5,Eighth
7979998,7984094,41,86,442.25,0.25,Sixteenth
7993309,7997406,41,74,443.0,0.25,Sixteenth
7997406,8002014,41,82,443.25,0.25,Sixteenth
8010718,8014302,41,70,444.0,0.25,Sixteenth
8014302,8016350,41,79,444.25,0.25,Sixteenth
8025566,8030686,41,67,445.0,0.25,Sixteenth
8025566,8035806,41,58,445.0,0.5,Eighth
8025566,8035806,42,55,445.0,0.5,Eighth
8025566,8035806,43,48,445.0,0.5,Eighth
8030686,8035806,41,76,445.25,0.25,Sixteenth
8046046,8050654,41,76,446.0,0.25,Sixteenth
8050654,8055774,41,84,446.25,0.25,Sixteenth
8064990,8069598,41,67,447.0,0.25,Sixteenth
8064990,8069598,41,70,447.0,0.25,Sixteenth
8064990,8069598,42,60,447.0,0.25,Sixteenth
8064990,8069598,43,36,447.0,0.25,Sixteenth
8069598,8074718,41,76,447.25,0.25,Sixteenth
8085982,8094174,43,41,448.0,0.25,Sixteenth
8085982,8094174,41,69,448.0,0.25,Sixteenth
8085982,8101854,41,65,448.0,0.5,Eighth
8085982,8101854,42,60,448.0,0.5,Eighth
8094174,8101854,41,77,448.25,0.25,Sixteenth
8111070,8117213,43,53,449.0,0.25,Sixteenth
8131550,8140766,41,77,450.0,0.5,Eighth
8140766,8150494,41,81,450.5,0.5,Dotted Quarter
8150494,8168414,41,84,451.0,1.0,Quarter
8168414,8175070,41,84,452.0,0.5,Eighth
8184797,8192990,41,84,453.0,0.5,Eighth
8200158,8204766,41,86,454.0,0.25,Sixteenth
8200158,8209374,41,65,454.0,0.5,Eighth
8204766,8254430,41,84,454.25,2.75,Dotted Half
8209374,8218590,41,69,454.5,0.5,Eighth
8218590,8227805,41,65,455.0,0.5,Eighth
8227805,8237022,41,69,455.5,0.5,Eighth
8237022,8246750,41,65,456.0,0.5,Eighth
8246750,8254430,41,69,456.5,0.5,Eighth
8254430,8259550,41,86,457.0,0.25,Sixteenth
8254430,8263134,41,67,457.0,0.5,Eighth
8259550,8305630,41,84,457.25,2.75,Dotted Half
8263134,8272350,41,70,457.5,0.5,Eighth
8272350,8280542,41,67,458.0,0.5,Eighth
8280542,8289246,41,70,458.5,0.5,Eighth
8289246,8298462,41,67,459.0,0.5,Eighth
8298462,8305630,41,70,459.5,0.5,Eighth
8305630,8314846,41,86,460.0,0.5,Eighth
8305630,8314846,41,69,460.0,0.5,Eighth
8314846,8323550,41,84,460.5,0.5,Eighth
8314846,8323550,41,72,460.5,0.5,Eighth
8323550,8332254,41,86,461.0,0.5,Eighth
8323550,8332254,41,69,461.0,0.5,Eighth
8332254,8340445,41,72,461.5,0.5,Eighth
8332254,8340445,41,84,461.5,0.5,Eighth
8340445,8349150,41,86,462.0,0.5,Eighth
8340445,8349150,41,69,462.0,0.5,Eighth
8349150,8358365,41,84,462.5,0.5,Eighth
8349150,8358365,41,72,462.5,0.5,Eighth
8358365,8366558,41,86,463.0,0.5,Eighth
8358365,8366558,41,70,463.0,0.5,Eighth
8366558,8375774,41,84,463.5,0.5,Eighth
8366558,8375774,41,74,463.5,0.5,Eighth
8375774,8384478,41,82,464.0,0.5,Eighth
8375774,8384478,41,70,464.0,0.5,Eighth
8384478,8393182,41,74,464.5,0.5,Eighth
8384478,8393182,41,81,464.5,0.5,Eighth
8393182,8423390,41,79,465.0,2.0,Half
8393182,8401374,41,70,465.0,0.5,Eighth
8401374,8409566,41,74,465.5,0.5,Eighth
8409566,8414686,41,72,466.0,0.5,Eighth
8414686,8423390,41,76,466.5,0.5,Eighth
8423390,8433118,41,79,467.0,0.5,Eighth
8423390,8433118,41,72,467.0,0.5,Eighth
8433118,8441310,41,76,467.5,0.5,Eighth
8441310,8450526,41,79,468.0,0.5,Eighth
8441310,8450526,41,72,468.0,0.5,Eighth
8450526,8458718,41,76,468.5,0.5,Eighth
8458718,8466910,41,79,469.0,0.5,Eighth
8458718,8475614,41,65,469.0,1.0,Quarter
8466910,8475614,41,81,469.5,0.5,Eighth
8475614,8493534,41,77,470.0,1.0,Quarter
8493534,8503262,41,74,471.0,0.5,Eighth
8493534,8503262,41,62,471.0,0.5,Eighth
8503262,8511454,41,77,471.5,0.5,Eighth
8503262,8511454,41,65,471.5,0.5,Eighth
8511454,8519646,43,38,472.0,0.5,Eighth
8511454,8528350,41,81,472.0,1.0,Quarter
8511454,8528350,41,69,472.0,1.0,Quarter
8519646,8528350,43,41,472.5,0.5,Eighth
8528350,8537054,41,69,473.0,0.5,Eighth
8528350,8537054,41,81,473.0,0.5,Eighth
8528350,8537054,43,38,473.0,0.5,Eighth
8528350,8542174,42,65,473.0,0.75,Dotted Eighth
8537054,8546782,43,41,473.5,0.5,Eighth
8542174,8546782,42,69,473.75,0.25,Sixteenth
8546782,8555998,43,38,474.0,0.5,Eighth
8546782,8565726,42,74,474.0,1.0,Quarter
8546782,8555998,41,81,474.0,0.5,Eighth
8546782,8555998,41,69,474.0,0.5,Eighth
8555998,8565726,43,41,474.5,0.5,Eighth
8565726,8570334,41,82,475.0,0.25,Sixteenth
8565726,8570334,41,70,475.0,0.25,Sixteenth
8565726,8574942,43,40,475.0,0.5,Eighth
8570334,8618974,41,69,475.25,2.75,Dotted Half
8570334,8618974,41,81,475.25,2.75,Dotted Half
8574942,8584670,43,49,475.5,0.5,Eighth
8584670,8596958,42,67,476.0,0.75,Dotted Eighth
8584670,8592350,43,40,476.0,0.5,Eighth
8592350,8602078,43,49,476.5,0.5,Eighth
8596958,8602078,42,73,476.75,0.25,Sixteenth
8602078,8609758,43,40,477.0,0.5,Eighth
8602078,8618974,42,76,477.0,1.0,Quarter
8609758,8618974,43,49,477.5,0.5,Eighth
8618974,8628702,41,82,478.0,0.5,Eighth
8618974,8628702,41,70,478.0,0.5,Eighth
8618974,8628702,43,41,478.0,0.5,Eighth
8628702,8636894,41,81,478.5,0.5,Eighth
8628702,8636894,41,69,478.5,0.5,Eighth
8628702,8636894,43,50,478.5,0.5,Eighth
8636894,8646622,41,82,479.0,0.5,Eighth
8636894,8646622,41,70,479.0,0.5,Eighth
8636894,8646622,43,41,479.0,0.5,Eighth
8636894,8651230,42,65,479.0,0.75,Dotted Eighth
8646622,8655326,41,81,479.5,0.5,Eighth
8646622,8655326,41,69,479.5,0.5,Eighth
8646622,8655326,43,50,479.5,0.5,Eighth
8651230,8655326,42,69,479.75,0.25,Sixteenth
8655326,8665054,41,70,480.0,0.5,Eighth
8655326,8665054,41,82,480.0,0.5,Eighth
8655326,8665054,43,41,480.0,0.5,Eighth
8655326,8672734,42,74,480.0,1.0,Quarter
8665054,8672734,41,69,480.5,0.5,Eighth
8665054,8672734,43,50,480.5,0.5,Eighth
8665054,8672734,41,81,480.5,0.5,Eighth
8672734,8680926,41,68,481.0,0.5,Eighth
8672734,8680926,41,80,481.0,0.5,Eighth
8672734,8680926,43,38,481.0,0.5,Eighth
8680926,8689630,41,79,481.5,0.5,Eighth
8680926,8689630,41,67,481.5,0.5,Eighth
8680926,8689630,43,47,481.5,0.5,Eighth
8689630,8698846,41,68,482.0,0.5,Eighth
8689630,8698846,41,80,482.0,0.5,Eighth
8689630,8698846,43,38,482.0,0.5,Eighth
8689630,8703454,42,65,482.0,0.75,Dotted Eighth
8698846,8707038,41,79,482.5,0.5,Eighth
8698846,8707038,41,67,482.5,0.5,Eighth
8698846,8707038,43,47,482.5,0.5,Eighth
8703454,8707038,42,71,482.75,0.25,Sixteenth
8707038,8714718,41,80,483.0,0.5,Eighth
8707038,8714718,41,68,483.0,0.5,Eighth
8707038,8714718,43,38,483.0,0.5,Eighth
8707038,8720862,42,74,483.0,1.0,Quarter
8714718,8720862,41,67,483.5,0.5,Eighth
8714718,8720862,43,47,483.5,0.5,Eighth
8714718,8720862,41,79,483.5,0.5,Eighth
8720862,8729566,41,69,484.0,0.5,Eighth
8720862,8729566,43,40,484.0,0.5,Eighth
8720862,8729566,41,81,484.0,0.5,Eighth
8720862,8734174,42,64,484.0,0.75,Dotted Eighth
8729566,8738782,43,48,484.5,0.5,Eighth
8729566,8738782,41,79,484.5,0.5,Eighth
8729566,8738782,41,67,484.5,0.5,Eighth
8734174,8738782,42,67,484.75,0.25,Sixteenth
8738782,8747998,43,40,485.0,0.5,Eighth
8738782,8747998,41,81,485.0,0.5,Eighth
8738782,8747998,41,69,485.0,0.5,Eighth
8738782,8757214,42,72,485.0,1.0,Quarter
8747998,8757214,41,67,485.5,0.5,Eighth
8747998,8757214,41,79,485.5,0.5,Eighth
8747998,8757214,43,48,485.5,0.5,Eighth
8757214,8766430,42,60,486.0,0.5,Eighth
8757214,8766430,41,77,486.0,0.5,Eighth
8757214,8766430,41,65,486.0,0.5,Eighth
8757214,8761822,43,45,486.0,0.25,Sixteenth
8766430,8775646,41,76,486.5,0.5,Eighth
8766430,8771038,43,48,486.5,0.25,Sixteenth
8766430,8775646,41,64,486.5,0.5,Eighth
8775646,8784862,41,76,487.0,0.5,Eighth
8775646,8784862,41,64,487.0,0.5,Eighth
8775646,8784862,42,69,487.0,0.5,Eighth
8775646,8784862,43,41,487.0,0.5,Eighth
8784862,8794078,41,74,487.5,0.5,Eighth
8784862,8794078,41,62,487.5,0.5,Eighth
8794078,8796126,41,76,488.0,0.125,Thirty Second
8794078,8796126,41,64,488.0,0.125,Thirty Second
8796126,8798686,41,74,488.125,0.125,Thirty Second
8796126,8798686,41,62,488.125,0.125,Thirty Second
8798686,8800734,41,76,488.25,0.125,Thirty Second
8798686,8800734,41,64,488.25,0.125,Thirty Second
8800734,8802782,41,74,488.375,0.125,Thirty Second
8800734,8802782,41,62,488.375,0.125,Thirty Second
8802782,8812510,41,72,488.5,0.5,Eighth
8802782,8812510,41,60,488.5,0.5,Eighth
8812510,8822238,41,74,489.0,0.5,Eighth
8812510,8822238,41,62,489.0,0.5,Eighth
8812510,8822238,42,59,489.0,0.5,Eighth
8812510,8822238,43,43,489.0,0.5,Eighth
8822238,8831454,41,76,489.5,0.5,Eighth
8822238,8831454,41,64,489.5,0.5,Eighth
8831454,8842206,43,36,490.0,0.5,Eighth
8831454,8842206,41,72,490.0,0.5,Eighth
8831454,8842206,41,60,490.0,0.5,Eighth
8831454,8842206,42,60,490.0,0.5,Eighth
8850910,8860126,43,48,491.0,0.5,Eighth
8869854,8879582,41,60,492.0,0.5,Eighth
8869854,8879582,42,52,492.0,0.5,Eighth
8879582,8887262,41,64,492.5,0.5,Eighth
8879582,8887262,42,60,492.5,0.5,Eighth
8887262,8905182,41,67,493.0,1.0,Quarter
8887262,8905182,42,64,493.0,1.0,Quarter
8905182,8912862,42,64,494.0,0.5,Eighth
8905182,8912862,41,67,494.0,0.5,Eighth
8922078,8926174,42,64,495.0,0.5,Eighth
8922078,8926174,41,67,495.0,0.5,Eighth
8935902,8938974,42,65,496.0,0.25,Sixteenth
8935902,8943582,41,84,496.0,0.5,Eighth
8935902,8938974,41,68,496.0,0.25,Sixteenth
8938974,8988126,41,67,496.25,2.75,Dotted Half
8938974,8988126,42,64,496.25,2.75,Dotted Half
8943582,8952286,41,72,496.5,0.5,Eighth
8952286,8970206,43,36,497.0,1.0,Quarter
8952286,8960990,41,84,497.0,0.5,Eighth
8960990,8970206,41,72,497.5,0.5,Eighth
8970206,8979422,41,84,498.0,0.5,Eighth
8970206,8988126,43,48,498.0,1.0,Quarter
8979422,8988126,41,72,498.5,0.5,Eighth
8988126,8992734,42,67,499.0,0.25,Sixteenth
8988126,8992734,41,70,499.0,0.25,Sixteenth
8988126,8996830,41,84,499.0,0.5,Eighth
8992734,9043934,41,68,499.25,2.75,Dotted Half
8992734,9043934,42,65,499.25,2.75,Dotted Half
8996830,9006558,41,73,499.5,0.5,Eighth
9006558,9015774,41,84,500.0,0.5,Eighth
9006558,9024990,43,36,500.0,1.0,Quarter
9015774,9024990,41,73,500.5,0.5,Eighth
9024990,9034718,41,84,501.0,0.5,Eighth
9024990,9043934,43,48,501.0,1.0,Quarter
9034718,9043934,41,73,501.5,0.5,Eighth
9043934,9052638,41,84,502.0,0.5,Eighth
9043934,9048542,41,70,502.0,0.25,Sixteenth
9043934,9048542,42,67,502.0,0.25,Sixteenth
9048542,9096670,41,69,502.25,2.75,Dotted Half
9048542,9096670,42,66,502.25,2.75,Dotted Half
9052638,9060830,41,74,502.5,0.5,Eighth
9060830,9070558,41,84,503.0,0.5,Eighth
9060830,9078750,43,36,503.0,1.0,Quarter
9070558,9078750,41,74,503.5,0.5,Eighth
9078750,9096670,43,48,504.0,1.0,Quarter
9078750,9088478,41,84,504.0,0.5,Eighth
9088478,9096670,41,74,504.5,0.5,Eighth
9096670,9376222,43,48,505.0,16.0,Unknown
9096670,9105374,41,84,505.0,0.5,Eighth
9096670,9131998,41,70,505.0,2.0,Half
9096670,9131998,42,67,505.0,2.0,Half
9105374,9113566,41,75,505.5,0.5,Eighth
9113566,9122782,41,84,506.0,0.5,Eighth
9122782,9131998,41,76,506.5,0.5,Eighth
9131998,9149406,42,69,507.0,1.0,Quarter
9131998,9140702,41,84,507.0,0.5,Eighth
9131998,9149406,41,72,507.0,1.0,Quarter
9140702,9149406,41,77,507.5,0.5,Eighth
9149406,9158622,41,84,508.0,0.5,Eighth
9149406,9358302,41,72,508.0,12.0,Unknown
9149406,9166302,42,63,508.0,1.0,Quarter
9158622,9166302,41,78,508.5,0.5,Eighth
9166302,9183198,42,64,509.0,1.0,Quarter
9166302,9174494,41,84,509.0,0.5,Eighth
9174494,9183198,41,79,509.5,0.5,Eighth
9183198,9201118,42,65,510.0,1.0,Quarter
9183198,9191390,41,84,510.0,0.5,Eighth
9191390,9201118,41,80,510.5,0.5,Eighth
9201118,9217502,42,66,511.0,1.0,Quarter
9201118,9208798,41,84,511.0,0.5,Eighth
9208798,9217502,41,81,511.5,0.5,Eighth
9217502,9233886,42,67,512.0,1.0,Quarter
9217502,9226206,41,84,512.0,0.5,Eighth
9226206,9233886,41,82,512.5,0.5,Eighth
9233886,9252318,42,65,513.0,1.0,Quarter
9233886,9243614,41,84,513.0,0.5,Eighth
9243614,9252318,41,83,513.5,0.5,Eighth
9252318,9261534,41,84,514.0,0.5,Eighth
9252318,9270750,42,64,514.0,1.0,Quarter
9261534,9270750,41,82,514.5,0.5,Eighth
9270750,9280478,41,84,515.0,0.5,Eighth
9270750,9289182,42,65,515.0,1.0,Quarter
9280478,9289182,41,81,515.5,0.5,Eighth
9289182,9297374,41,84,516.0,0.5,Eighth
9289182,9304542,42,72,516.0,1.0,Quarter
9297374,9304542,41,80,516.5,0.5,Eighth
9304542,9313246,41,84,517.0,0.5,Eighth
9304542,9320414,42,71,517.0,1.0,Quarter
9313246,9320414,41,79,517.5,0.5,Eighth
9320414,9339358,42,70,518.0,1.0,Quarter
9320414,9329630,41,84,518.0,0.5,Eighth
9329630,9339358,41,78,518.5,0.5,Eighth
9339358,9348574,41,84,519.0,0.5,Eighth
9339358,9358302,42,69,519.0,1.0,Quarter
9348574,9358302,41,77,519.5,0.5,Eighth
9358302,9376222,42,68,520.0,1.0,Quarter
9358302,9367518,41,84,520.0,0.5,Eighth
9358302,9376222,41,71,520.0,1.0,Quarter
9367518,9376222,41,76,520.5,0.5,Eighth
9376222,9385438,41,84,521.0,0.5,Eighth
9376222,9410526,43,36,521.0,2.0,Half
9376222,9410526,41,70,521.0,2.0,Half
9376222,9410526,42,67,521.0,2.0,Half
9385438,9394142,41,75,521.5,0.5,Eighth
9394142,9401822,41,84,522.0,0.5,Eighth
9401822,9410526,41,75,522.5,0.5,Eighth
9410526,9419230,41,84,523.0,0.5,Eighth
9410526,9427934,41,69,523.0,1.0,Quarter
9410526,9427934,42,66,523.0,1.0,Quarter
9410526,9427934,43,48,523.0,1.0,Quarter
9419230,9427934,41,74,523.5,0.5,Eighth
9427934,9464286,42,65,524.0,2.0,Half
9427934,9437150,41,84,524.0,0.5,Eighth
9427934,9464286,41,68,524.0,2.0,Half
9427934,9464286,43,36,524.0,2.0,Half
9437150,9446366,41,73,524.5,0.5,Eighth
9446366,9456606,41,84,525.0,0.5,Eighth
9456606,9464286,41,73,525.5,0.5,Eighth
9464286,9480670,43,48,526.0,1.0,Quarter
9464286,9467870,41,72,526.0,0.25,Sixteenth
9464286,9480670,41,67,526.0,1.0,Quarter
9464286,9480670,42,64,526.0,1.0,Quarter
9472478,9477086,41,76,526.5,0.25,Sixteenth
9480670,9485278,41,79,527.0,0.25,Sixteenth
9490398,9491934,41,84,527.5,0.25,Sixteenth
9495518,9505246,41,74,528.0,0.5,Eighth
9495518,9514462,41,65,528.0,1.0,Quarter
9495518,9514462,42,67,528.0,1.0,Quarter
9495518,9514462,43,43,528.0,1.0,Quarter
9505246,9514462,41,83,528.5,0.5,Eighth
9514462,9533406,42,55,529.0,1.0,Quarter
9514462,9519070,41,72,529.0,0.25,Sixteenth
9514462,9533406,41,64,529.0,1.0,Quarter
9514462,9533406,43,48,529.0,1.0,Quarter
9524190,9528798,41,76,529.5,0.25,Sixteenth
9533406,9538014,41,79,530.0,0.25,Sixteenth
9542622,9545182,41,84,530.5,0.25,Sixteenth
9546718,9565150,42,67,531.0,1.0,Quarter
9546718,9565150,43,43,531.0,1.0,Quarter
9546718,9555422,41,74,531.0,0.5,Eighth
9546718,9565150,41,65,531.0,1.0,Quarter
9555422,9565150,41,83,531.5,0.5,Eighth
9565150,9573342,42,55,532.0,0.5,Eighth
9565150,9573342,43,48,532.0,0.5,Eighth
9565150,9583070,41,84,532.0,1.0,Quarter
9565150,9583070,41,64,532.0,1.0,Quarter
9573342,9578462,42,59,532.5,0.25,Sixteenth
9573342,9578462,43,47,532.5,0.25,Sixteenth
9583070,9587678,42,60,533.0,0.25,Sixteenth
9583070,9587678,43,48,533.0,0.25,Sixteenth
9592286,9596894,43,46,533.5,0.25,Sixteenth
9592286,9596894,42,58,533.5,0.25,Sixteenth
9602014,9610206,42,57,534.0,0.5,Eighth
9602014,9610206,43,45,534.0,0.5,Eighth
9610206,9618398,42,60,534.5,0.5,Eighth
9610206,9618398,43,48,534.5,0.5,Eighth
9618398,9635806,42,65,535.0,1.0,Quarter
9618398,9635806,43,53,535.0,1.0,Quarter
9635806,9645534,42,53,536.0,0.5,Eighth
9635806,9645534,43,41,536.0,0.5,Eighth
9654750,9664478,43,41,537.0,0.5,Eighth
9654750,9664478,42,53,537.0,0.5,Eighth
9672158,9676766,43,43,538.0,0.25,Sixteenth
9672158,9681374,42,77,538.0,0.5,Eighth
9676766,9729502,43,41,538.25,2.75,Dotted Half
9681374,9691102,42,65,538.5,0.5,Eighth
9691102,9700830,42,77,539.0,0.5,Eighth
9691102,9705438,41,81,539.0,0.75,Dotted Eighth
9691102,9705438,41,69,539.0,0.75,Dotted Eighth
9700830,9710046,42,65,539.5,0.5,Eighth
9705438,9710046,41,72,539.75,0.25,Sixteenth
9705438,9710046,41,84,539.75,0.25,Sixteenth
9710046,9729502,41,87,540.0,1.0,Quarter
9710046,9729502,41,75,540.0,1.0,Quarter
9710046,9719774,42,77,540.0,0.5,Eighth
9719774,9729502,42,65,540.5,0.5,Eighth
9729502,9734110,43,43,541.0,0.25,Sixteenth
9729502,9739230,42,77,541.0,0.5,Eighth
9734110,9781214,43,41,541.25,2.75,Dotted Half
9739230,9748446,42,65,541.5,0.5,Eighth
9748446,9760734,41,62,542.0,0.75,Dotted Eighth
9748446,9755614,42,77,542.0,0.5,Eighth
9748446,9760734,41,74,542.0,0.75,Dotted Eighth
9755614,9765342,42,65,542.5,0.5,Eighth
9760734,9765342,41,82,542.75,0.25,Sixteenth
9760734,9765342,41,70,542.75,0.25,Sixteenth
9765342,9781214,41,86,543.0,1.0,Quarter
9765342,9771998,42,77,543.0,0.5,Eighth
9765342,9781214,41,74,543.0,1.0,Quarter
9771998,9781214,42,65,543.5,0.5,Eighth
9781214,9790430,43,43,544.0,0.5,Eighth
9781214,9790430,42,76,544.0,0.5,Eighth
9790430,9799646,42,64,544.5,0.5,Eighth
9790430,9799646,43,41,544.5,0.5,Eighth
9799646,9813982,41,67,545.0,0.75,Dotted Eighth
9799646,9809374,42,76,545.0,0.5,Eighth
9799646,9809374,43,43,545.0,0.5,Eighth
9799646,9813982,41,79,545.0,0.75,Dotted Eighth
9809374,9819102,42,64,545.5,0.5,Eighth
9809374,9819102,43,41,545.5,0.5,Eighth
9813982,9819102,41,70,545.75,0.25,Sixteenth
9813982,9819102,41,82,545.75,0.25,Sixteenth
9819102,9834974,41,73,546.0,1.0,Quarter
9819102,9825246,42,76,546.0,0.5,Eighth
9819102,9825246,43,43,546.0,0.5,Eighth
9819102,9834974,41,85,546.0,1.0,Quarter
9825246,9834974,42,64,546.5,0.5,Eighth
9825246,9834974,43,41,546.5,0.5,Eighth
9834974,9844702,43,43,547.0,0.5,Eighth
9834974,9844702,42,75,547.0,0.5,Eighth
9844702,9853406,42,63,547.5,0.5,Eighth
9844702,9853406,43,41,547.5,0.5,Eighth
9853406,9862110,43,43,548.0,0.5,Eighth
9853406,9862110,42,75,548.0,0.5,Eighth
9853406,9865694,41,72,548.0,0.75,Dotted Eighth
9853406,9865694,41,60,548.0,0.75,Dotted Eighth
9862110,9870302,42,63,548.5,0.5,Eighth
9862110,9870302,43,41,548.5,0.5,Eighth
9865694,9870302,41,81,548.75,0.25,Sixteenth
9865694,9870302,41,69,548.75,0.25,Sixteenth
9870302,9880030,42,75,549.0,0.5,Eighth
9870302,9880030,43,43,549.0,0.5,Eighth
9870302,9888734,41,84,549.0,1.0,Quarter
9870302,9888734,41,72,549.0,1.0,Quarter
9880030,9888734,43,41,549.5,0.5,Eighth
9880030,9888734,42,63,549.5,0.5,Eighth
9888734,9898462,42,74,550.0,0.5,Eighth
9888734,9898462,43,43,550.0,0.5,Eighth
9898462,9906654,42,62,550.5,0.5,Eighth
9898462,9906654,43,41,550.5,0.5,Eighth
9906654,9914334,43,43,551.0,0.5,Eighth
9906654,9914334,42,74,551.0,0.5,Eighth
9906654,9918942,41,72,551.0,0.75,Dotted Eighth
9906654,9918942,41,60,551.0,0.75,Dotted Eighth
9914334,9923550,42,62,551.5,0.5,Eighth
9914334,9923550,43,41,551.5,0.5,Eighth
9918942,9923550,41,65,551.75,0.25,Sixteenth
9918942,9923550,41,77,551.75,0.25,Sixteenth
9923550,9933278,42,74,552.0,0.5,Eighth
9923550,9933278,43,43,552.0,0.5,Eighth
9923550,9942494,41,84,552.0,1.0,Quarter
9923550,9942494,41,72,552.0,1.0,Quarter
9933278,9942494,42,62,552.5,0.5,Eighth
9933278,9942494,43,41,552.5,0.5,Eighth
9942494,9953758,42,73,553.0,0.5,Eighth
9942494,9953758,43,43,553.0,0.5,Eighth
9953758,9965534,42,61,553.5,0.5,Eighth
9953758,9965534,43,41,553.5,0.5,Eighth
9965534,9974750,42,73,554.0,0.5,Eighth
9965534,9974750,43,43,554.0,0.5,Eighth
9965534,9979870,41,71,554.0,0.75,Dotted Eighth
9965534,9979870,41,59,554.0,0.75,Dotted Eighth
9974750,9984478,42,61,554.5,0.5,Eighth
9974750,9984478,43,41,554.5,0.5,Eighth
9979870,9984478,41,80,554.75,0.25,Sixteenth
9979870,9984478,41,68,554.75,0.25,Sixteenth
9984478,9993694,42,73,555.0,0.5,Eighth
9984478,9993694,43,43,555.0,0.5,Eighth
9984478,10003422,41,83,555.0,1.0,Quarter
9984478,10003422,41,71,555.0,1.0,Quarter
9993694,10003422,42,61,555.5,0.5,Eighth
9993694,10003422,43,41,555.5,0.5,Eighth
10003422,10012638,42,60,556.0,0.5,Eighth
10003422,10012638,43,40,556.0,0.5,Eighth
10003422,10022878,41,84,556.0,1.0,Quarter
10003422,10022878,41,72,556.0,1.0,Quarter
10012638,10022878,43,43,556.5,0.5,Eighth
10012638,10022878,42,64,556.5,0.5,Eighth
10022878,10027486,43,36,557.0,0.25,Sixteenth
10022878,10041822,41,82,557.0,1.0,Quarter
10022878,10041822,41,70,557.0,1.0,Quarter
10022878,10041822,42,67,557.0,1.0,Quarter
10032094,10036702,43,40,557.5,0.25,Sixteenth
10041822,10060766,42,65,558.0,1.0,Quarter
10041822,10046430,43,41,558.0,0.25,Sixteenth
10041822,10055646,41,81,558.0,0.75,Dotted Eighth
10041822,10055646,41,69,558.0,0.75,Dotted Eighth
10051038,10055646,43,45,558.5,0.25,Sixteenth
10055646,10060766,41,81,558.75,0.25,Sixteenth
10055646,10060766,41,69,558.75,0.25,Sixteenth
10060766,10078174,41,79,559.0,1.0,Quarter
10060766,10065374,43,46,559.0,0.25,Sixteenth
10060766,10069982,42,62,559.0,0.5,Eighth
10060766,10078174,41,67,559.0,1.0,Quarter
10069982,10074590,43,43,559.5,0.25,Sixteenth
10069982,10078174,42,58,559.5,0.5,Eighth
10078174,10096606,42,57,560.0,1.0,Quarter
10078174,10083294,43,48,560.0,0.25,Sixteenth
10078174,10096606,41,77,560.0,1.0,Quarter
10078174,10096606,41,65,560.0,1.0,Quarter
10087902,10092510,43,46,560.5,0.25,Sixteenth
10096606,10115550,41,64,561.0,1.0,Quarter
10096606,10101726,43,48,561.0,0.25,Sixteenth
10096606,10115550,41,76,561.0,1.0,Quarter
10096606,10115550,42,55,561.0,1.0,Quarter
10106334,10110942,43,36,561.5,0.25,Sixteenth
10115550,10120158,41,77,562.0,0.25,Sixteenth
10115550,10125278,41,65,562.0,0.5,Eighth
10115550,10125278,42,57,562.0,0.5,Eighth
10115550,10125278,43,41,562.0,0.5,Eighth
10125278,10129886,41,81,562.5,0.25,Sixteenth
10134494,10139102,41,82,563.0,0.25,Sixteenth
10144222,10148830,41,84,563.5,0.25,Sixteenth
10151390,10151902,41,88,564.5,0.25,Sixteenth
10151902,10152414,41,89,565.0,1.0,Quarter
10152414,10157022,43,62,566.0,0.25,Sixteenth
10152414,10161630,41,69,566.0,0.5,Eighth
10152414,10161630,42,65,566.0,0.5,Eighth
10152414,10171358,41,89,566.0,1.0,Quarter
10171358,10175966,43,62,567.0,0.25,Sixteenth
10171358,10204126,41,69,567.0,0.5,Eighth
10171358,10204126,42,65,567.0,0.5,Eighth
10171358,10213854,41,89,567.0,1.0,Quarter
10213854,10263006,41,91,568.0,3.0,Dotted Half
10223070,10230238,43,58,569.0,0.25,Sixteenth
10223070,10234846,41,74,569.0,0.5,Eighth
10223070,10234846,42,65,569.0,0.5,Eighth
10244574,10253790,41,74,570.0,0.5,Eighth
10244574,10249182,43,58,570.0,0.25,Sixteenth
10244574,10253790,42,65,570.0,0.5,Eighth
10263006,10314206,41,84,571.0,2.5,Dotted Half
10280926,10287070,43,60,572.0,0.25,Sixteenth
10280926,10300894,42,64,572.0,1.0,Quarter
10280926,10300894,41,67,572.0,1.0,Quarter
10300894,10323422,41,70,573.0,1.0,Quarter
10300894,10309598,43,60,573.0,0.25,Sixteenth
10300894,10323422,42,67,573.0,1.0,Quarter
10314206,10318814,41,86,573.5,0.25,Sixteenth
10318814,10323422,41,88,573.75,0.25,Sixteenth
10323422,10391518,42,65,574.0,0.5,Eighth
10323422,10399710,41,89,574.0,0.9375,Quarter
10323422,10391518,41,69,574.0,0.5,Eighth
10323422,10386398,43,53,574.0,0.25,Sixteenth
10439134,10444254,41,89,577.0375,0.9375,Quarter
